hub_customer_key,customer_id,hub_load_dts,hub_rec_src
c4ca4238a0b923820dcc509a6f75849b,1,2023-08-04,tpanggos3ichwciast
c81e728d9d4c2f636f067f89cc14862c,2,2023-08-05,tpanggos3ichwciast
eccbc87e4b5ce2fe28308fd9f2a7baf3,3,2023-08-05,tpanggos3ichwciast
a87ff679a2f3e71d9181a67b7542122c,4,2023-08-05,tpanggos3ichwciast
e4da3b7fbbce2345d7772b0674a318d5,5,2023-08-05,tpanggos3ichwciast
1679091c5a880faf6fb5e6087eb1b2dc,6,2023-08-05,tpanggos3ichwciast
8f14e45fceea167a5a36dedd4bea2543,7,2023-08-05,tpanggos3ichwciast
c9f0f895fb98ab9159f51fd0297e236d,8,2023-08-05,tpanggos3ichwciast
45c48cce2e2d7fbdea1afc51c7c6ad26,9,2023-08-05,tpanggos3ichwciast
d3d9446802a44259755d38e6d163e820,10,2023-08-05,tpanggos3ichwciast
6512bd43d9caa6e02c990b0a82652dca,11,2023-08-05,tpanggos3ichwciast
c20ad4d76fe97759aa27a0c99bff6710,12,2023-08-05,tpanggos3ichwciast
c51ce410c124a10e0db5e4b97fc2af39,13,2023-08-05,tpanggos3ichwciast
aab3238922bcc25a6f606eb525ffdc56,14,2023-08-05,tpanggos3ichwciast
9bf31c7ff062936a96d3c8bd1f8f2ff3,15,2023-08-06,tpanggos3ichwciast
c74d97b01eae257e44aa9d5bade97baf,16,2023-08-06,tpanggos3ichwciast
70efdf2ec9b086079795c442636b55fb,17,2023-08-06,tpanggos3ichwciast
6f4922f45568161a8cdf4ad2299f6d23,18,2023-08-06,tpanggos3ichwciast
1f0e3dad99908345f7439f8ffabdffc4,19,2023-08-06,tpanggos3ichwciast
98f13708210194c475687be6106a3b84,20,2023-08-06,tpanggos3ichwciast
3c59dc048e8850243be8079a5c74d079,21,2023-08-06,tpanggos3ichwciast
b6d767d2f8ed5d21a44b0e5886680cb9,22,2023-08-06,tpanggos3ichwciast
37693cfc748049e45d87b8c7d8b9aacd,23,2023-08-06,tpanggos3ichwciast
1ff1de774005f8da13f42943881c655f,24,2023-08-06,tpanggos3ichwciast
8e296a067a37563370ded05f5a3bf3ec,25,2023-08-06,tpanggos3ichwciast
4e732ced3463d06de0ca9a15b6153677,26,2023-08-07,tpanggos3ichwciast
02e74f10e0327ad868d138f2b4fdd6f0,27,2023-08-07,tpanggos3ichwciast
33e75ff09dd601bbe69f351039152189,28,2023-08-07,tpanggos3ichwciast
6ea9ab1baa0efb9e19094440c317e21b,29,2023-08-07,tpanggos3ichwciast
34173cb38f07f89ddbebc2ac9128303f,30,2023-08-07,tpanggos3ichwciast
c16a5320fa475530d9583c34fd356ef5,31,2023-08-07,tpanggos3ichwciast
6364d3f0f495b6ab9dcf8d3b5c6e0b01,32,2023-08-07,tpanggos3ichwciast
182be0c5cdcd5072bb1864cdee4d3d6e,33,2023-08-07,tpanggos3ichwciast
e369853df766fa44e1ed0ff613f563bd,34,2023-08-07,tpanggos3ichwciast
1c383cd30b7c298ab50293adfecb7b18,35,2023-08-07,tpanggos3ichwciast
19ca14e7ea6328a42e0eb13d585e4c22,36,2023-08-07,tpanggos3ichwciast
a5bfc9e07964f8dddeb95fc584cd965d,37,2023-08-07,tpanggos3ichwciast
a5771bce93e200c36f7cd9dfd0e5deaa,38,2023-08-07,tpanggos3ichwciast
d67d8ab4f4c10bf22aa353e27879133c,39,2023-08-07,tpanggos3ichwciast
d645920e395fedad7bbbed0eca3fe2e0,40,2023-08-07,tpanggos3ichwciast
3416a75f4cea9109507cacd8e2f2aefc,41,2023-08-08,tpanggos3ichwciast
a1d0c6e83f027327d8461063f4ac58a6,42,2023-08-08,tpanggos3ichwciast
17e62166fc8586dfa4d1bc0e1742c08b,43,2023-08-08,tpanggos3ichwciast
f7177163c833dff4b38fc8d2872f1ec6,44,2023-08-08,tpanggos3ichwciast
6c8349cc7260ae62e3b1396831a8398f,45,2023-08-08,tpanggos3ichwciast
d9d4f495e875a2e075a1a4a6e1b9770f,46,2023-08-08,tpanggos3ichwciast
67c6a1e7ce56d3d6fa748ab6d9af3fd7,47,2023-08-08,tpanggos3ichwciast
642e92efb79421734881b53e1e1b18b6,48,2023-08-08,tpanggos3ichwciast
f457c545a9ded88f18ecee47145a72c0,49,2023-08-08,tpanggos3ichwciast
c0c7c76d30bd3dcaefc96f40275bdc0a,50,2023-08-08,tpanggos3ichwciast
2838023a778dfaecdc212708f721b788,51,2023-08-08,tpanggos3ichwciast
9a1158154dfa42caddbd0694a4e9bdc8,52,2023-08-09,tpanggos3ichwciast
d82c8d1619ad8176d665453cfb2e55f0,53,2023-08-09,tpanggos3ichwciast
a684eceee76fc522773286a895bc8436,54,2023-08-09,tpanggos3ichwciast
b53b3a3d6ab90ce0268229151c9bde11,55,2023-08-09,tpanggos3ichwciast
9f61408e3afb633e50cdf1b20de6f466,56,2023-08-09,tpanggos3ichwciast
72b32a1f754ba1c09b3695e0cb6cde7f,57,2023-08-09,tpanggos3ichwciast
66f041e16a60928b05a7e228a89c3799,58,2023-08-09,tpanggos3ichwciast
093f65e080a295f8076b1c5722a46aa2,59,2023-08-10,tpanggos3ichwciast
072b030ba126b2f4b2374f342be9ed44,60,2023-08-10,tpanggos3ichwciast
7f39f8317fbdb1988ef4c628eba02591,61,2023-08-10,tpanggos3ichwciast
44f683a84163b3523afe57c2e008bc8c,62,2023-08-10,tpanggos3ichwciast
03afdbd66e7929b125f8597834fa83a4,63,2023-08-10,tpanggos3ichwciast
ea5d2f1c4608232e07d3aa3d998e5135,64,2023-08-10,tpanggos3ichwciast
fc490ca45c00b1249bbe3554a4fdf6fb,65,2023-08-10,tpanggos3ichwciast
3295c76acbf4caaed33c36b1b5fc2cb1,66,2023-08-10,tpanggos3ichwciast
735b90b4568125ed6c3f678819b6e058,67,2023-08-10,tpanggos3ichwciast
a3f390d88e4c41f2747bfa2f1b5f87db,68,2023-08-10,tpanggos3ichwciast
14bfa6bb14875e45bba028a21ed38046,69,2023-08-10,tpanggos3ichwciast
7cbbc409ec990f19c78c75bd1e06f215,70,2023-08-10,tpanggos3ichwciast
e2c420d928d4bf8ce0ff2ec19b371514,71,2023-08-10,tpanggos3ichwciast
32bb90e8976aab5298d5da10fe66f21d,72,2023-08-10,tpanggos3ichwciast
d2ddea18f00665ce8623e36bd4e3c7c5,73,2023-08-10,tpanggos3ichwciast
ad61ab143223efbc24c7d2583be69251,74,2023-08-10,tpanggos3ichwciast
d09bf41544a3365a46c9077ebb5e35c3,75,2023-08-10,tpanggos3ichwciast
fbd7939d674997cdb4692d34de8633c4,76,2023-08-10,tpanggos3ichwciast
28dd2c7955ce926456240b2ff0100bde,77,2023-08-11,tpanggos3ichwciast
35f4a8d465e6e1edc05f3d8ab658c551,78,2023-08-11,tpanggos3ichwciast
d1fe173d08e959397adf34b1d77e88d7,79,2023-08-11,tpanggos3ichwciast
f033ab37c30201f73f142449d037028d,80,2023-08-11,tpanggos3ichwciast
43ec517d68b6edd3015b3edc9a11367b,81,2023-08-11,tpanggos3ichwciast
9778d5d219c5080b9a6a17bef029331c,82,2023-08-11,tpanggos3ichwciast
fe9fc289c3ff0af142b6d3bead98a923,83,2023-08-11,tpanggos3ichwciast
68d30a9594728bc39aa24be94b319d21,84,2023-08-11,tpanggos3ichwciast
3ef815416f775098fe977004015c6193,85,2023-08-11,tpanggos3ichwciast
93db85ed909c13838ff95ccfa94cebd9,86,2023-08-11,tpanggos3ichwciast
c7e1249ffc03eb9ded908c236bd1996d,87,2023-08-11,tpanggos3ichwciast
2a38a4a9316c49e5a833517c45d31070,88,2023-08-11,tpanggos3ichwciast
7647966b7343c29048673252e490f736,89,2023-08-11,tpanggos3ichwciast
8613985ec49eb8f757ae6439e879bb2a,90,2023-08-11,tpanggos3ichwciast
54229abfcfa5649e7003b83dd4755294,91,2023-08-11,tpanggos3ichwciast
92cc227532d17e56e07902b254dfad10,92,2023-08-11,tpanggos3ichwciast
98dce83da57b0395e163467c9dae521b,93,2023-08-11,tpanggos3ichwciast
f4b9ec30ad9f68f89b29639786cb62ef,94,2023-08-11,tpanggos3ichwciast
812b4ba287f5ee0bc9d43bbf5bbe87fb,95,2023-08-11,tpanggos3ichwciast
26657d5ff9020d2abefe558796b99584,96,2023-08-12,tpanggos3ichwciast
e2ef524fbf3d9fe611d5a8e90fefdc9c,97,2023-08-12,tpanggos3ichwciast
ed3d2c21991e3bef5e069713af9fa6ca,98,2023-08-12,tpanggos3ichwciast
ac627ab1ccbdb62ec96e702f07f6425b,99,2023-08-12,tpanggos3ichwciast
f899139df5e1059396431415e770c6dd,100,2023-08-12,tpanggos3ichwciast
38b3eff8baf56627478ec76a704e9b52,101,2023-08-12,tpanggos3ichwciast
ec8956637a99787bd197eacd77acce5e,102,2023-08-12,tpanggos3ichwciast
6974ce5ac660610b44d9b9fed0ff9548,103,2023-08-12,tpanggos3ichwciast
c9e1074f5b3f9fc8ea15d152add07294,104,2023-08-12,tpanggos3ichwciast
65b9eea6e1cc6bb9f0cd2a47751a186f,105,2023-08-12,tpanggos3ichwciast
f0935e4cd5920aa6c7c996a5ee53a70f,106,2023-08-12,tpanggos3ichwciast
a97da629b098b75c294dffdc3e463904,107,2023-08-12,tpanggos3ichwciast
a3c65c2974270fd093ee8a9bf8ae7d0b,108,2023-08-12,tpanggos3ichwciast
2723d092b63885e0d7c260cc007e8b9d,109,2023-08-13,tpanggos3ichwciast
5f93f983524def3dca464469d2cf9f3e,110,2023-08-13,tpanggos3ichwciast
698d51a19d8a121ce581499d7b701668,111,2023-08-13,tpanggos3ichwciast
7f6ffaa6bb0b408017b62254211691b5,112,2023-08-14,tpanggos3ichwciast
73278a4a86960eeb576a8fd4c9ec6997,113,2023-08-14,tpanggos3ichwciast
5fd0b37cd7dbbb00f97ba6ce92bf5add,114,2023-08-14,tpanggos3ichwciast
2b44928ae11fb9384c4cf38708677c48,115,2023-08-14,tpanggos3ichwciast
c45147dee729311ef5b5c3003946c48f,116,2023-08-14,tpanggos3ichwciast
eb160de1de89d9058fcb0b968dbbbd68,117,2023-08-14,tpanggos3ichwciast
5ef059938ba799aaa845e1c2e8a762bd,118,2023-08-14,tpanggos3ichwciast
07e1cd7dca89a1678042477183b7ac3f,119,2023-08-14,tpanggos3ichwciast
da4fb5c6e93e74d3df8527599fa62642,120,2023-08-14,tpanggos3ichwciast
4c56ff4ce4aaf9573aa5dff913df997a,121,2023-08-15,tpanggos3ichwciast
a0a080f42e6f13b3a2df133f073095dd,122,2023-08-15,tpanggos3ichwciast
202cb962ac59075b964b07152d234b70,123,2023-08-15,tpanggos3ichwciast
c8ffe9a587b126f152ed3d89a146b445,124,2023-08-15,tpanggos3ichwciast
3def184ad8f4755ff269862ea77393dd,125,2023-08-15,tpanggos3ichwciast
069059b7ef840f0c74a814ec9237b6ec,126,2023-08-15,tpanggos3ichwciast
ec5decca5ed3d6b8079e2e7e7bacc9f2,127,2023-08-15,tpanggos3ichwciast
76dc611d6ebaafc66cc0879c71b5db5c,128,2023-08-15,tpanggos3ichwciast
d1f491a404d6854880943e5c3cd9ca25,129,2023-08-15,tpanggos3ichwciast
9b8619251a19057cff70779273e95aa6,130,2023-08-15,tpanggos3ichwciast
1afa34a7f984eeabdbb0a7d494132ee5,131,2023-08-15,tpanggos3ichwciast
65ded5353c5ee48d0b7d48c591b8f430,132,2023-08-15,tpanggos3ichwciast
9fc3d7152ba9336a670e36d0ed79bc43,133,2023-08-15,tpanggos3ichwciast
02522a2b2726fb0a03bb19f2d8d9524d,134,2023-08-15,tpanggos3ichwciast
7f1de29e6da19d22b51c68001e7e0e54,135,2023-08-15,tpanggos3ichwciast
42a0e188f5033bc65bf8d78622277c4e,136,2023-08-15,tpanggos3ichwciast
3988c7f88ebcb58c6ce932b957b6f332,137,2023-08-15,tpanggos3ichwciast
013d407166ec4fa56eb1e1f8cbe183b9,138,2023-08-16,tpanggos3ichwciast
e00da03b685a0dd18fb6a08af0923de0,139,2023-08-16,tpanggos3ichwciast
1385974ed5904a438616ff7bdb3f7439,140,2023-08-16,tpanggos3ichwciast
0f28b5d49b3020afeecd95b4009adf4c,141,2023-08-16,tpanggos3ichwciast
a8baa56554f96369ab93e4f3bb068c22,142,2023-08-16,tpanggos3ichwciast
903ce9225fca3e988c2af215d4e544d3,143,2023-08-17,tpanggos3ichwciast
0a09c8844ba8f0936c20bd791130d6b6,144,2023-08-17,tpanggos3ichwciast
2b24d495052a8ce66358eb576b8912c8,145,2023-08-17,tpanggos3ichwciast
a5e00132373a7031000fd987a3c9f87b,146,2023-08-17,tpanggos3ichwciast
8d5e957f297893487bd98fa830fa6413,147,2023-08-17,tpanggos3ichwciast
47d1e990583c9c67424d369f3414728e,148,2023-08-17,tpanggos3ichwciast
f2217062e9a397a1dca429e7d70bc6ca,149,2023-08-17,tpanggos3ichwciast
7ef605fc8dba5425d6965fbd4c8fbe1f,150,2023-08-17,tpanggos3ichwciast
a8f15eda80c50adb0e71943adc8015cf,151,2023-08-17,tpanggos3ichwciast
37a749d808e46495a8da1e5352d03cae,152,2023-08-17,tpanggos3ichwciast
b3e3e393c77e35a4a3f3cbd1e429b5dc,153,2023-08-17,tpanggos3ichwciast
1d7f7abc18fcb43975065399b0d1e48e,154,2023-08-17,tpanggos3ichwciast
2a79ea27c279e471f4d180b08d62b00a,155,2023-08-17,tpanggos3ichwciast
1c9ac0159c94d8d0cbedc973445af2da,156,2023-08-17,tpanggos3ichwciast
6c4b761a28b734fe93831e3fb400ce87,157,2023-08-17,tpanggos3ichwciast
06409663226af2f3114485aa4e0a23b4,158,2023-08-18,tpanggos3ichwciast
140f6969d5213fd0ece03148e62e461e,159,2023-08-18,tpanggos3ichwciast
b73ce398c39f506af761d2277d853a92,160,2023-08-18,tpanggos3ichwciast
bd4c9ab730f5513206b999ec0d90d1fb,161,2023-08-18,tpanggos3ichwciast
82aa4b0af34c2313a562076992e50aa3,162,2023-08-18,tpanggos3ichwciast
0777d5c17d4066b82ab86dff8a46af6f,163,2023-08-18,tpanggos3ichwciast
fa7cdfad1a5aaf8370ebeda47a1ff1c3,164,2023-08-18,tpanggos3ichwciast
9766527f2b5d3e95d4a733fcfb77bd7e,165,2023-08-18,tpanggos3ichwciast
7e7757b1e12abcb736ab9a754ffb617a,166,2023-08-18,tpanggos3ichwciast
5878a7ab84fb43402106c575658472fa,167,2023-08-18,tpanggos3ichwciast
006f52e9102a8d3be2fe5614f42ba989,168,2023-08-18,tpanggos3ichwciast
3636638817772e42b59d74cff571fbb3,169,2023-08-18,tpanggos3ichwciast
149e9677a5989fd342ae44213df68868,170,2023-08-18,tpanggos3ichwciast
a4a042cf4fd6bfb47701cbc8a1653ada,171,2023-08-18,tpanggos3ichwciast
1ff8a7b5dc7a7d1f0ed65aaa29c04b1e,172,2023-08-18,tpanggos3ichwciast
f7e6c85504ce6e82442c770f7c8606f0,173,2023-08-18,tpanggos3ichwciast
bf8229696f7a3bb4700cfddef19fa23f,174,2023-08-18,tpanggos3ichwciast
82161242827b703e6acf9c726942a1e4,175,2023-08-18,tpanggos3ichwciast
38af86134b65d0f10fe33d30dd76442e,176,2023-08-19,tpanggos3ichwciast
96da2f590cd7246bbde0051047b0d6f7,177,2023-08-19,tpanggos3ichwciast
8f85517967795eeef66c225f7883bdcb,178,2023-08-19,tpanggos3ichwciast
8f53295a73878494e9bc8dd6c3c7104f,179,2023-08-19,tpanggos3ichwciast
045117b0e0a11a242b9765e79cbf113f,180,2023-08-19,tpanggos3ichwciast
fc221309746013ac554571fbd180e1c8,181,2023-08-19,tpanggos3ichwciast
4c5bde74a8f110656874902f07378009,182,2023-08-19,tpanggos3ichwciast
cedebb6e872f539bef8c3f919874e9d7,183,2023-08-19,tpanggos3ichwciast
6cdd60ea0045eb7a6ec44c54d29ed402,184,2023-08-19,tpanggos3ichwciast
eecca5b6365d9607ee5a9d336962c534,185,2023-08-19,tpanggos3ichwciast
9872ed9fc22fc182d371c3e9ed316094,186,2023-08-19,tpanggos3ichwciast
31fefc0e570cb3860f2a6d4b38c6490d,187,2023-08-19,tpanggos3ichwciast
9dcb88e0137649590b755372b040afad,188,2023-08-19,tpanggos3ichwciast
a2557a7b2e94197ff767970b67041697,189,2023-08-19,tpanggos3ichwciast
cfecdb276f634854f3ef915e2e980c31,190,2023-08-19,tpanggos3ichwciast
0aa1883c6411f7873cb83dacb17b0afc,191,2023-08-19,tpanggos3ichwciast
58a2fc6ed39fd083f55d4182bf88826d,192,2023-08-19,tpanggos3ichwciast
bd686fd640be98efaae0091fa301e613,193,2023-08-20,tpanggos3ichwciast
a597e50502f5ff68e3e25b9114205d4a,194,2023-08-20,tpanggos3ichwciast
0336dcbab05b9d5ad24f4333c7658a0e,195,2023-08-20,tpanggos3ichwciast
084b6fbb10729ed4da8c3d3f5a3ae7c9,196,2023-08-20,tpanggos3ichwciast
85d8ce590ad8981ca2c8286f79f59954,197,2023-08-20,tpanggos3ichwciast
0e65972dce68dad4d52d063967f0a705,198,2023-08-20,tpanggos3ichwciast
84d9ee44e457ddef7f2c4f25dc8fa865,199,2023-08-21,tpanggos3ichwciast
3644a684f98ea8fe223c713b77189a77,200,2023-08-21,tpanggos3ichwciast
757b505cfd34c64c85ca5b5690ee5293,201,2023-08-21,tpanggos3ichwciast
854d6fae5ee42911677c739ee1734486,202,2023-08-21,tpanggos3ichwciast
e2c0be24560d78c5e599c2a9c9d0bbd2,203,2023-08-21,tpanggos3ichwciast
274ad4786c3abca69fa097b85867d9a4,204,2023-08-22,tpanggos3ichwciast
eae27d77ca20db309e056e3d2dcd7d69,205,2023-08-22,tpanggos3ichwciast
7eabe3a1649ffa2b3ff8c02ebfd5659f,206,2023-08-22,tpanggos3ichwciast
69adc1e107f7f7d035d7baf04342e1ca,207,2023-08-22,tpanggos3ichwciast
091d584fced301b442654dd8c23b3fc9,208,2023-08-22,tpanggos3ichwciast
b1d10e7bafa4421218a51b1e1f1b0ba2,209,2023-08-22,tpanggos3ichwciast
6f3ef77ac0e3619e98159e9b6febf557,210,2023-08-22,tpanggos3ichwciast
eb163727917cbba1eea208541a643e74,211,2023-08-23,tpanggos3ichwciast
1534b76d325a8f591b52d302e7181331,212,2023-08-23,tpanggos3ichwciast
979d472a84804b9f647bc185a877a8b5,213,2023-08-23,tpanggos3ichwciast
ca46c1b9512a7a8315fa3c5a946e8265,214,2023-08-23,tpanggos3ichwciast
3b8a614226a953a8cd9526fca6fe9ba5,215,2023-08-23,tpanggos3ichwciast
45fbc6d3e05ebd93369ce542e8f2322d,216,2023-08-23,tpanggos3ichwciast
63dc7ed1010d3c3b8269faf0ba7491d4,217,2023-08-23,tpanggos3ichwciast
e96ed478dab8595a7dbda4cbcbee168f,218,2023-08-23,tpanggos3ichwciast
c0e190d8267e36708f955d7ab048990d,219,2023-08-23,tpanggos3ichwciast
ec8ce6abb3e952a85b8551ba726a1227,220,2023-08-23,tpanggos3ichwciast
060ad92489947d410d897474079c1477,221,2023-08-23,tpanggos3ichwciast
bcbe3365e6ac95ea2c0343a2395834dd,222,2023-08-23,tpanggos3ichwciast
115f89503138416a242f40fb7d7f338e,223,2023-08-23,tpanggos3ichwciast
13fe9d84310e77f13a6d184dbf1232f3,224,2023-08-24,tpanggos3ichwciast
d1c38a09acc34845c6be3a127a5aacaf,225,2023-08-24,tpanggos3ichwciast
9cfdf10e8fc047a44b08ed031e1f0ed1,226,2023-08-24,tpanggos3ichwciast
705f2172834666788607efbfca35afb3,227,2023-08-24,tpanggos3ichwciast
74db120f0a8e5646ef5a30154e9f6deb,228,2023-08-24,tpanggos3ichwciast
57aeee35c98205091e18d1140e9f38cf,229,2023-08-24,tpanggos3ichwciast
6da9003b743b65f4c0ccd295cc484e57,230,2023-08-24,tpanggos3ichwciast
9b04d152845ec0a378394003c96da594,231,2023-08-24,tpanggos3ichwciast
be83ab3ecd0db773eb2dc1b0a17836a1,232,2023-08-24,tpanggos3ichwciast
e165421110ba03099a1c0393373c5b43,233,2023-08-24,tpanggos3ichwciast
289dff07669d7a23de0ef88d2f7129e7,234,2023-08-24,tpanggos3ichwciast
577ef1154f3240ad5b9b413aa7346a1e,235,2023-08-24,tpanggos3ichwciast
01161aaa0b6d1345dd8fe4e481144d84,236,2023-08-25,tpanggos3ichwciast
539fd53b59e3bb12d203f45a912eeaf2,237,2023-08-25,tpanggos3ichwciast
ac1dd209cbcc5e5d1c6e28598e8cbbe8,238,2023-08-25,tpanggos3ichwciast
555d6702c950ecb729a966504af0a635,239,2023-08-25,tpanggos3ichwciast
335f5352088d7d9bf74191e006d8e24c,240,2023-08-25,tpanggos3ichwciast
f340f1b1f65b6df5b5e3f94d95b11daf,241,2023-08-25,tpanggos3ichwciast
e4a6222cdb5b34375400904f03d8e6a5,242,2023-08-25,tpanggos3ichwciast
cb70ab375662576bd1ac5aaf16b3fca4,243,2023-08-25,tpanggos3ichwciast
9188905e74c28e489b44e954ec0b9bca,244,2023-08-25,tpanggos3ichwciast
0266e33d3f546cb5436a10798e657d97,245,2023-08-25,tpanggos3ichwciast
38db3aed920cf82ab059bfccbd02be6a,246,2023-08-25,tpanggos3ichwciast
3cec07e9ba5f5bb252d13f5f431e4bbb,247,2023-08-26,tpanggos3ichwciast
621bf66ddb7c962aa0d22ac97d69b793,248,2023-08-26,tpanggos3ichwciast
077e29b11be80ab57e1a2ecabb7da330,249,2023-08-26,tpanggos3ichwciast
6c9882bbac1c7093bd25041881277658,250,2023-08-26,tpanggos3ichwciast
19f3cd308f1455b3fa09a282e0d496f4,251,2023-08-26,tpanggos3ichwciast
03c6b06952c750899bb03d998e631860,252,2023-08-26,tpanggos3ichwciast
c24cd76e1ce41366a4bbe8a49b02a028,253,2023-08-26,tpanggos3ichwciast
c52f1bd66cc19d05628bd8bf27af3ad6,254,2023-08-26,tpanggos3ichwciast
fe131d7f5a6b38b23cc967316c13dae2,255,2023-08-26,tpanggos3ichwciast
f718499c1c8cef6730f9fd03c8125cab,256,2023-08-26,tpanggos3ichwciast
d96409bf894217686ba124d7356686c9,257,2023-08-26,tpanggos3ichwciast
502e4a16930e414107ee22b6198c578f,258,2023-08-26,tpanggos3ichwciast
cfa0860e83a4c3a763a7e62d825349f7,259,2023-08-27,tpanggos3ichwciast
a4f23670e1833f3fdb077ca70bbd5d66,260,2023-08-27,tpanggos3ichwciast
b1a59b315fc9a3002ce38bbe070ec3f5,261,2023-08-27,tpanggos3ichwciast
36660e59856b4de58a219bcf4e27eba3,262,2023-08-27,tpanggos3ichwciast
8c19f571e251e61cb8dd3612f26d5ecf,263,2023-08-27,tpanggos3ichwciast
d6baf65e0b240ce177cf70da146c8dc8,264,2023-08-27,tpanggos3ichwciast
e56954b4f6347e897f954495eab16a88,265,2023-08-27,tpanggos3ichwciast
f7664060cc52bc6f3d620bcedc94a4b6,266,2023-08-27,tpanggos3ichwciast
eda80a3d5b344bc40f3bc04f65b7a357,267,2023-08-27,tpanggos3ichwciast
8f121ce07d74717e0b1f21d122e04521,268,2023-08-28,tpanggos3ichwciast
06138bc5af6023646ede0e1f7c1eac75,269,2023-08-28,tpanggos3ichwciast
39059724f73a9969845dfe4146c5660e,270,2023-08-28,tpanggos3ichwciast
7f100b7b36092fb9b06dfb4fac360931,271,2023-08-28,tpanggos3ichwciast
7a614fd06c325499f1680b9896beedeb,272,2023-08-29,tpanggos3ichwciast
4734ba6f3de83d861c3176a6273cac6d,273,2023-08-29,tpanggos3ichwciast
d947bf06a885db0d477d707121934ff8,274,2023-08-29,tpanggos3ichwciast
63923f49e5241343aa7acb6a06a751e7,275,2023-08-29,tpanggos3ichwciast
db8e1af0cb3aca1ae2d0018624204529,276,2023-08-30,tpanggos3ichwciast
20f07591c6fcb220ffe637cda29bb3f6,277,2023-08-30,tpanggos3ichwciast
07cdfd23373b17c6b337251c22b7ea57,278,2023-08-30,tpanggos3ichwciast
d395771085aab05244a4fb8fd91bf4ee,279,2023-08-30,tpanggos3ichwciast
92c8c96e4c37100777c7190b76d28233,280,2023-08-30,tpanggos3ichwciast
e3796ae838835da0b6f6ea37bcf8bcb7,281,2023-08-30,tpanggos3ichwciast
6a9aeddfc689c1d0e3b9ccc3ab651bc5,282,2023-08-30,tpanggos3ichwciast
0f49c89d1e7298bb9930789c8ed59d48,283,2023-08-30,tpanggos3ichwciast
46ba9f2a6976570b0353203ec4474217,284,2023-08-30,tpanggos3ichwciast
0e01938fc48a2cfb5f2217fbfb00722d,285,2023-08-30,tpanggos3ichwciast
16a5cdae362b8d27a1d8f8c7b78b4330,286,2023-08-30,tpanggos3ichwciast
918317b57931b6b7a7d29490fe5ec9f9,287,2023-08-30,tpanggos3ichwciast
48aedb8880cab8c45637abc7493ecddd,288,2023-08-30,tpanggos3ichwciast
839ab46820b524afda05122893c2fe8e,289,2023-08-30,tpanggos3ichwciast
f90f2aca5c640289d0a29417bcb63a37,290,2023-08-30,tpanggos3ichwciast
9c838d2e45b2ad1094d42f4ef36764f6,291,2023-08-30,tpanggos3ichwciast
1700002963a49da13542e0726b7bb758,292,2023-08-30,tpanggos3ichwciast
53c3bce66e43be4f209556518c2fcb54,293,2023-08-30,tpanggos3ichwciast
6883966fd8f918a4aa29be29d2c386fb,294,2023-08-30,tpanggos3ichwciast
49182f81e6a13cf5eaa496d51fea6406,295,2023-08-31,tpanggos3ichwciast
d296c101daa88a51f6ca8cfc1ac79b50,296,2023-08-31,tpanggos3ichwciast
9fd81843ad7f202f26c1a174c7357585,297,2023-09-01,tpanggos3ichwciast
26e359e83860db1d11b6acca57d8ea88,298,2023-09-01,tpanggos3ichwciast
ef0d3930a7b6c95bd2b32ed45989c61f,299,2023-09-01,tpanggos3ichwciast
94f6d7e04a4d452035300f18b984988c,300,2023-09-01,tpanggos3ichwciast
34ed066df378efacc9b924ec161e7639,301,2023-09-01,tpanggos3ichwciast
577bcc914f9e55d5e4e4f82f9f00e7d4,302,2023-09-01,tpanggos3ichwciast
11b9842e0a271ff252c1903e7132cd68,303,2023-09-01,tpanggos3ichwciast
37bc2f75bf1bcfe8450a1a41c200364c,304,2023-09-01,tpanggos3ichwciast
496e05e1aea0a9c4655800e8a7b9ea28,305,2023-09-01,tpanggos3ichwciast
b2eb7349035754953b57a32e2841bda5,306,2023-09-01,tpanggos3ichwciast
8e98d81f8217304975ccb23337bb5761,307,2023-09-02,tpanggos3ichwciast
a8c88a0055f636e4a163a5e3d16adab7,308,2023-09-02,tpanggos3ichwciast
eddea82ad2755b24c4e168c5fc2ebd40,309,2023-09-02,tpanggos3ichwciast
06eb61b839a0cefee4967c67ccb099dc,310,2023-09-02,tpanggos3ichwciast
9dfcd5e558dfa04aaf37f137a1d9d3e5,311,2023-09-02,tpanggos3ichwciast
950a4152c2b4aa3ad78bdd6b366cc179,312,2023-09-02,tpanggos3ichwciast
158f3069a435b314a80bdcb024f8e422,313,2023-09-02,tpanggos3ichwciast
758874998f5bd0c393da094e1967a72b,314,2023-09-02,tpanggos3ichwciast
ad13a2a07ca4b7642959dc0c4c740ab6,315,2023-09-02,tpanggos3ichwciast
3fe94a002317b5f9259f82690aeea4cd,316,2023-09-02,tpanggos3ichwciast
5b8add2a5d98b1a652ea7fd72d942dac,317,2023-09-02,tpanggos3ichwciast
432aca3a1e345e339f35a30c8f65edce,318,2023-09-02,tpanggos3ichwciast
8d3bba7425e7c98c50f52ca1b52d3735,319,2023-09-02,tpanggos3ichwciast
320722549d1751cf3f247855f937b982,320,2023-09-02,tpanggos3ichwciast
caf1a3dfb505ffed0d024130f58c5cfa,321,2023-09-02,tpanggos3ichwciast
5737c6ec2e0716f3d8a7a5c4e0de0d9a,322,2023-09-02,tpanggos3ichwciast
bc6dc48b743dc5d013b1abaebd2faed2,323,2023-09-02,tpanggos3ichwciast
f2fc990265c712c49d51a18a32b39f0c,324,2023-09-03,tpanggos3ichwciast
89f0fd5c927d466d6ec9a21b9ac34ffa,325,2023-09-03,tpanggos3ichwciast
a666587afda6e89aec274a3657558a27,326,2023-09-03,tpanggos3ichwciast
b83aac23b9528732c23cc7352950e880,327,2023-09-03,tpanggos3ichwciast
cd00692c3bfe59267d5ecfac5310286c,328,2023-09-03,tpanggos3ichwciast
6faa8040da20ef399b63a72d0e4ab575,329,2023-09-03,tpanggos3ichwciast
fe73f687e5bc5280214e0486b273a5f9,330,2023-09-03,tpanggos3ichwciast
6da37dd3139aa4d9aa55b8d237ec5d4a,331,2023-09-03,tpanggos3ichwciast
c042f4db68f23406c6cecf84a7ebb0fe,332,2023-09-03,tpanggos3ichwciast
310dcbbf4cce62f762a2aaa148d556bd,333,2023-09-03,tpanggos3ichwciast
2f2b265625d76a6704b08093c652fd79,334,2023-09-03,tpanggos3ichwciast
f9b902fc3289af4dd08de5d1de54f68f,335,2023-09-03,tpanggos3ichwciast
6855456e2fe46a9d49d3d3af4f57443d,336,2023-09-03,tpanggos3ichwciast
357a6fdf7642bf815a88822c447d9dc4,337,2023-09-03,tpanggos3ichwciast
819f46e52c25763a55cc642422644317,338,2023-09-04,tpanggos3ichwciast
04025959b191f8f9de3f924f0940515f,339,2023-09-04,tpanggos3ichwciast
40008b9a5380fcacce3976bf7c08af5b,340,2023-09-04,tpanggos3ichwciast
3dd48ab31d016ffcbf3314df2b3cb9ce,341,2023-09-04,tpanggos3ichwciast
58238e9ae2dd305d79c2ebc8c1883422,342,2023-09-04,tpanggos3ichwciast
3ad7c2ebb96fcba7cda0cf54a2e802f5,343,2023-09-04,tpanggos3ichwciast
b3967a0e938dc2a6340e258630febd5a,344,2023-09-04,tpanggos3ichwciast
d81f9c1be2e08964bf9f24b15f0e4900,345,2023-09-04,tpanggos3ichwciast
13f9896df61279c928f19721878fac41,346,2023-09-04,tpanggos3ichwciast
c5ff2543b53f4cc0ad3819a36752467b,347,2023-09-05,tpanggos3ichwciast
01386bd6d8e091c2ab4c7c7de644d37b,348,2023-09-05,tpanggos3ichwciast
0bb4aec1710521c12ee76289d9440817,349,2023-09-05,tpanggos3ichwciast
9de6d14fff9806d4bcd1ef555be766cd,350,2023-09-05,tpanggos3ichwciast
efe937780e95574250dabe07151bdc23,351,2023-09-05,tpanggos3ichwciast
371bce7dc83817b7893bcdeed13799b5,352,2023-09-05,tpanggos3ichwciast
138bb0696595b338afbab333c555292a,353,2023-09-05,tpanggos3ichwciast
8dd48d6a2e2cad213179a3992c0be53c,354,2023-09-05,tpanggos3ichwciast
82cec96096d4281b7c95cd7e74623496,355,2023-09-05,tpanggos3ichwciast
6c524f9d5d7027454a783c841250ba71,356,2023-09-05,tpanggos3ichwciast
fb7b9ffa5462084c5f4e7e85a093e6d7,357,2023-09-05,tpanggos3ichwciast
aa942ab2bfa6ebda4840e7360ce6e7ef,358,2023-09-05,tpanggos3ichwciast
c058f544c737782deacefa532d9add4c,359,2023-09-05,tpanggos3ichwciast
e7b24b112a44fdd9ee93bdf998c6ca0e,360,2023-09-05,tpanggos3ichwciast
52720e003547c70561bf5e03b95aa99f,361,2023-09-05,tpanggos3ichwciast
c3e878e27f52e2a57ace4d9a76fd9acf,362,2023-09-05,tpanggos3ichwciast
00411460f7c92d2124a67ea0f4cb5f85,363,2023-09-05,tpanggos3ichwciast
bac9162b47c56fc8a4d2a519803d51b3,364,2023-09-05,tpanggos3ichwciast
9be40cee5b0eee1462c82c6964087ff9,365,2023-09-05,tpanggos3ichwciast
5ef698cd9fe650923ea331c15af3b160,366,2023-09-06,tpanggos3ichwciast
05049e90fa4f5039a8cadc6acbb4b2cc,367,2023-09-06,tpanggos3ichwciast
cf004fdc76fa1a4f25f62e0eb5261ca3,368,2023-09-06,tpanggos3ichwciast
0c74b7f78409a4022a2c4c5a5ca3ee19,369,2023-09-06,tpanggos3ichwciast
d709f38ef758b5066ef31b18039b8ce5,370,2023-09-06,tpanggos3ichwciast
41f1f19176d383480afa65d325c06ed0,371,2023-09-06,tpanggos3ichwciast
24b16fede9a67c9251d3e7c7161c83ac,372,2023-09-06,tpanggos3ichwciast
ffd52f3c7e12435a724a8f30fddadd9c,373,2023-09-06,tpanggos3ichwciast
ad972f10e0800b49d76fed33a21f6698,374,2023-09-06,tpanggos3ichwciast
f61d6947467ccd3aa5af24db320235dd,375,2023-09-06,tpanggos3ichwciast
142949df56ea8ae0be8b5306971900a4,376,2023-09-06,tpanggos3ichwciast
d34ab169b70c9dcd35e62896010cd9ff,377,2023-09-07,tpanggos3ichwciast
8bf1211fd4b7b94528899de0a43b9fb3,378,2023-09-07,tpanggos3ichwciast
a02ffd91ece5e7efeb46db8f10a74059,379,2023-09-07,tpanggos3ichwciast
bca82e41ee7b0833588399b1fcd177c7,380,2023-09-07,tpanggos3ichwciast
00ec53c4682d36f5c4359f4ae7bd7ba1,381,2023-09-07,tpanggos3ichwciast
4f6ffe13a5d75b2d6a3923922b3922e5,382,2023-09-07,tpanggos3ichwciast
beed13602b9b0e6ecb5b568ff5058f07,383,2023-09-08,tpanggos3ichwciast
0584ce565c824b7b7f50282d9a19945b,384,2023-09-08,tpanggos3ichwciast
dc912a253d1e9ba40e2c597ed2376640,385,2023-09-08,tpanggos3ichwciast
39461a19e9eddfb385ea76b26521ea48,386,2023-09-08,tpanggos3ichwciast
8efb100a295c0c690931222ff4467bb8,387,2023-09-08,tpanggos3ichwciast
d9fc5b73a8d78fad3d6dffe419384e70,388,2023-09-08,tpanggos3ichwciast
c86a7ee3d8ef0b551ed58e354a836f2b,389,2023-09-08,tpanggos3ichwciast
a01a0380ca3c61428c26a231f0e49a09,390,2023-09-08,tpanggos3ichwciast
5a4b25aaed25c2ee1b74de72dc03c14e,391,2023-09-08,tpanggos3ichwciast
f73b76ce8949fe29bf2a537cfa420e8f,392,2023-09-08,tpanggos3ichwciast
70c639df5e30bdee440e4cdf599fec2b,393,2023-09-08,tpanggos3ichwciast
28f0b864598a1291557bed248a998d4e,394,2023-09-08,tpanggos3ichwciast
1543843a4723ed2ab08e18053ae6dc5b,395,2023-09-08,tpanggos3ichwciast
f8c1f23d6a8d8d7904fc0ea8e066b3bb,396,2023-09-08,tpanggos3ichwciast
e46de7e1bcaaced9a54f1e9d0d2f800d,397,2023-09-08,tpanggos3ichwciast
b7b16ecf8ca53723593894116071700c,398,2023-09-09,tpanggos3ichwciast
352fe25daf686bdb4edca223c921acea,399,2023-09-09,tpanggos3ichwciast
18d8042386b79e2c279fd162df0205c8,400,2023-09-09,tpanggos3ichwciast
816b112c6105b3ebd537828a39af4818,401,2023-09-09,tpanggos3ichwciast
69cb3ea317a32c4e6143e665fdb20b14,402,2023-09-09,tpanggos3ichwciast
bbf94b34eb32268ada57a3be5062fe7d,403,2023-09-09,tpanggos3ichwciast
4f4adcbf8c6f66dcfc8a3282ac2bf10a,404,2023-09-09,tpanggos3ichwciast
bbcbff5c1f1ded46c25d28119a85c6c2,405,2023-09-09,tpanggos3ichwciast
8cb22bdd0b7ba1ab13d742e22eed8da2,406,2023-09-09,tpanggos3ichwciast
f4f6dce2f3a0f9dada0c2b5b66452017,407,2023-09-09,tpanggos3ichwciast
0d0fd7c6e093f7b804fa0150b875b868,408,2023-09-09,tpanggos3ichwciast
a96b65a721e561e1e3de768ac819ffbb,409,2023-09-09,tpanggos3ichwciast
1068c6e4c8051cfd4e9ea8072e3189e2,410,2023-09-09,tpanggos3ichwciast
17d63b1625c816c22647a73e1482372b,411,2023-09-10,tpanggos3ichwciast
b9228e0962a78b84f3d5d92f4faa000b,412,2023-09-10,tpanggos3ichwciast
0deb1c54814305ca9ad266f53bc82511,413,2023-09-10,tpanggos3ichwciast
66808e327dc79d135ba18e051673d906,414,2023-09-10,tpanggos3ichwciast
42e7aaa88b48137a16a1acd04ed91125,415,2023-09-11,tpanggos3ichwciast
8fe0093bb30d6f8c31474bd0764e6ac0,416,2023-09-11,tpanggos3ichwciast
41ae36ecb9b3eee609d05b90c14222fb,417,2023-09-11,tpanggos3ichwciast
d1f255a373a3cef72e03aa9d980c7eca,418,2023-09-11,tpanggos3ichwciast
7eacb532570ff6858afd2723755ff790,419,2023-09-11,tpanggos3ichwciast
b6f0479ae87d244975439c6124592772,420,2023-09-11,tpanggos3ichwciast
e0c641195b27425bb056ac56f8953d24,421,2023-09-11,tpanggos3ichwciast
f85454e8279be180185cac7d243c5eb3,422,2023-09-11,tpanggos3ichwciast
faa9afea49ef2ff029a833cccc778fd0,423,2023-09-11,tpanggos3ichwciast
3c7781a36bcd6cf08c11a970fbe0e2a6,424,2023-09-11,tpanggos3ichwciast
25b2822c2f5a3230abfadd476e8b04c9,425,2023-09-11,tpanggos3ichwciast
6ecbdd6ec859d284dc13885a37ce8d81,426,2023-09-12,tpanggos3ichwciast
18997733ec258a9fcaf239cc55d53363,427,2023-09-12,tpanggos3ichwciast
8d7d8ee069cb0cbbf816bbb65d56947e,428,2023-09-12,tpanggos3ichwciast
75fc093c0ee742f6dddaa13fff98f104,429,2023-09-12,tpanggos3ichwciast
f74909ace68e51891440e4da0b65a70c,430,2023-09-13,tpanggos3ichwciast
66368270ffd51418ec58bd793f2d9b1b,431,2023-09-13,tpanggos3ichwciast
248e844336797ec98478f85e7626de4a,432,2023-09-13,tpanggos3ichwciast
019d385eb67632a7e958e23f24bd07d7,433,2023-09-13,tpanggos3ichwciast
a49e9411d64ff53eccfdd09ad10a15b3,434,2023-09-13,tpanggos3ichwciast
ddb30680a691d157187ee1cf9e896d03,435,2023-09-13,tpanggos3ichwciast
2421fcb1263b9530df88f7f002e78ea5,436,2023-09-14,tpanggos3ichwciast
fccb60fb512d13df5083790d64c4d5dd,437,2023-09-14,tpanggos3ichwciast
1651cf0d2f737d7adeab84d339dbabd3,438,2023-09-14,tpanggos3ichwciast
eed5af6add95a9a6f1252739b1ad8c24,439,2023-09-14,tpanggos3ichwciast
a8abb4bb284b5b27aa7cb790dc20f80b,440,2023-09-14,tpanggos3ichwciast
15d4e891d784977cacbfcbb00c48f133,441,2023-09-14,tpanggos3ichwciast
c203d8a151612acf12457e4d67635a95,442,2023-09-14,tpanggos3ichwciast
13f3cf8c531952d72e5847c4183e6910,443,2023-09-14,tpanggos3ichwciast
550a141f12de6341fba65b0ad0433500,444,2023-09-14,tpanggos3ichwciast
67f7fb873eaf29526a11a9b7ac33bfac,445,2023-09-15,tpanggos3ichwciast
1a5b1e4daae265b790965a275b53ae50,446,2023-09-15,tpanggos3ichwciast
9a96876e2f8f3dc4f3cf45f02c61c0c1,447,2023-09-15,tpanggos3ichwciast
9b70e8fe62e40c570a322f1b0b659098,448,2023-09-15,tpanggos3ichwciast
d61e4bbd6393c9111e6526ea173a7c8b,449,2023-09-15,tpanggos3ichwciast
f5f8590cd58a54e94377e6ae2eded4d9,450,2023-09-15,tpanggos3ichwciast
941e1aaaba585b952b62c14a3a175a61,451,2023-09-15,tpanggos3ichwciast
9431c87f273e507e6040fcb07dcb4509,452,2023-09-15,tpanggos3ichwciast
49ae49a23f67c759bf4fc791ba842aa2,453,2023-09-15,tpanggos3ichwciast
e44fea3bec53bcea3b7513ccef5857ac,454,2023-09-15,tpanggos3ichwciast
821fa74b50ba3f7cba1e6c53e8fa6845,455,2023-09-16,tpanggos3ichwciast
250cf8b51c773f3f8dc8b4be867a9a02,456,2023-09-16,tpanggos3ichwciast
42998cf32d552343bc8e460416382dca,457,2023-09-16,tpanggos3ichwciast
d07e70efcfab08731a97e7b91be644de,458,2023-09-16,tpanggos3ichwciast
7fe1f8abaad094e0b5cb1b01d712f708,459,2023-09-16,tpanggos3ichwciast
98b297950041a42470269d56260243a1,460,2023-09-17,tpanggos3ichwciast
0353ab4cbed5beae847a7ff6e220b5cf,461,2023-09-17,tpanggos3ichwciast
51d92be1c60d1db1d2e5e7a07da55b26,462,2023-09-17,tpanggos3ichwciast
428fca9bc1921c25c5121f9da7815cde,463,2023-09-17,tpanggos3ichwciast
f1b6f2857fb6d44dd73c7041e0aa0f19,464,2023-09-17,tpanggos3ichwciast
68ce199ec2c5517597ce0a4d89620f55,465,2023-09-17,tpanggos3ichwciast
e836d813fd184325132fca8edcdfb40e,466,2023-09-17,tpanggos3ichwciast
ab817c9349cf9c4f6877e1894a1faa00,467,2023-09-17,tpanggos3ichwciast
877a9ba7a98f75b90a9d49f53f15a858,468,2023-09-17,tpanggos3ichwciast
dc6a6489640ca02b0d42dabeb8e46bb7,469,2023-09-17,tpanggos3ichwciast
26337353b7962f533d78c762373b3318,470,2023-09-17,tpanggos3ichwciast
8e6b42f1644ecb1327dc03ab345e618b,471,2023-09-17,tpanggos3ichwciast
ef575e8837d065a1683c022d2077d342,472,2023-09-17,tpanggos3ichwciast
2050e03ca119580f74cca14cc6e97462,473,2023-09-18,tpanggos3ichwciast
25ddc0f8c9d3e22e03d3076f98d83cb2,474,2023-09-18,tpanggos3ichwciast
5ef0b4eba35ab2d6180b0bca7e46b6f9,475,2023-09-18,tpanggos3ichwciast
598b3e71ec378bd83e0a727608b5db01,476,2023-09-18,tpanggos3ichwciast
74071a673307ca7459bcf75fbd024e09,477,2023-09-18,tpanggos3ichwciast
cfee398643cbc3dc5eefc89334cacdc1,478,2023-09-18,tpanggos3ichwciast
d18f655c3fce66ca401d5f38b48c89af,479,2023-09-18,tpanggos3ichwciast
6ea2ef7311b482724a9b7b0bc0dd85c6,480,2023-09-18,tpanggos3ichwciast
9461cce28ebe3e76fb4b931c35a169b0,481,2023-09-18,tpanggos3ichwciast
f770b62bc8f42a0b66751fe636fc6eb0,482,2023-09-18,tpanggos3ichwciast
e1e32e235eee1f970470a3a6658dfdd5,483,2023-09-18,tpanggos3ichwciast
eba0dc302bcd9a273f8bbb72be3a687b,484,2023-09-18,tpanggos3ichwciast
218a0aefd1d1a4be65601cc6ddc1520e,485,2023-09-18,tpanggos3ichwciast
7d04bbbe5494ae9d2f5a76aa1c00fa2f,486,2023-09-18,tpanggos3ichwciast
a516a87cfcaef229b342c437fe2b95f7,487,2023-09-18,tpanggos3ichwciast
c3c59e5f8b3e9753913f4d435b53c308,488,2023-09-19,tpanggos3ichwciast
854d9fca60b4bd07f9bb215d59ef5561,489,2023-09-19,tpanggos3ichwciast
c410003ef13d451727aeff9082c29a5c,490,2023-09-19,tpanggos3ichwciast
559cb990c9dffd8675f6bc2186971dc2,491,2023-09-19,tpanggos3ichwciast
55a7cf9c71f1c9c495413f934dd1a158,492,2023-09-19,tpanggos3ichwciast
2f55707d4193dc27118a0f19a1985716,493,2023-09-19,tpanggos3ichwciast
1be3bc32e6564055d5ca3e5a354acbef,494,2023-09-19,tpanggos3ichwciast
35051070e572e47d2c26c241ab88307f,495,2023-09-19,tpanggos3ichwciast
b534ba68236ba543ae44b22bd110a1d6,496,2023-09-19,tpanggos3ichwciast
7380ad8a673226ae47fce7bff88e9c33,497,2023-09-19,tpanggos3ichwciast
05f971b5ec196b8c65b75d2ef8267331,498,2023-09-19,tpanggos3ichwciast
3cf166c6b73f030b4f67eeaeba301103,499,2023-09-19,tpanggos3ichwciast
cee631121c2ec9232f3a2f028ad5c89b,500,2023-09-19,tpanggos3ichwciast
5b69b9cb83065d403869739ae7f0995e,501,2023-09-19,tpanggos3ichwciast
b5b41fac0361d157d9673ecb926af5ae,502,2023-09-20,tpanggos3ichwciast
285e19f20beded7d215102b49d5c09a0,503,2023-09-20,tpanggos3ichwciast
b337e84de8752b27eda3a12363109e80,504,2023-09-20,tpanggos3ichwciast
e8c0653fea13f91bf3c48159f7c24f78,505,2023-09-20,tpanggos3ichwciast
ff4d5fbbafdf976cfdc032e3bde78de5,506,2023-09-20,tpanggos3ichwciast
2d6cc4b2d139a53512fb8cbb3086ae2e,507,2023-09-20,tpanggos3ichwciast
389bc7bb1e1c2a5e7e147703232a88f6,508,2023-09-21,tpanggos3ichwciast
e2230b853516e7b05d79744fbd4c9c13,509,2023-09-21,tpanggos3ichwciast
087408522c31eeb1f982bc0eaf81d35f,510,2023-09-21,tpanggos3ichwciast
a760880003e7ddedfef56acb3b09697f,511,2023-09-21,tpanggos3ichwciast
10a7cdd970fe135cf4f7bb55c0e3b59f,512,2023-09-21,tpanggos3ichwciast
3dc4876f3f08201c7c76cb71fa1da439,513,2023-09-21,tpanggos3ichwciast
59b90e1005a220e2ebc542eb9d950b1e,514,2023-09-21,tpanggos3ichwciast
2b8a61594b1f4c4db0902a8a395ced93,515,2023-09-21,tpanggos3ichwciast
f3f27a324736617f20abbf2ffd806f6d,516,2023-09-21,tpanggos3ichwciast
38913e1d6a7b94cb0f55994f679f5956,517,2023-09-21,tpanggos3ichwciast
ebd9629fc3ae5e9f6611e2ee05a31cef,518,2023-09-21,tpanggos3ichwciast
63538fe6ef330c13a05a3ed7e599d5f7,519,2023-09-21,tpanggos3ichwciast
cf67355a3333e6e143439161adc2d82e,520,2023-09-21,tpanggos3ichwciast
07563a3fe3bbe7e3ba84431ad9d055af,521,2023-09-21,tpanggos3ichwciast
53fde96fcc4b4ce72d7739202324cd49,522,2023-09-21,tpanggos3ichwciast
2bb232c0b13c774965ef8558f0fbd615,523,2023-09-21,tpanggos3ichwciast
ba2fd310dcaa8781a9a652a31baf3c68,524,2023-09-21,tpanggos3ichwciast
69421f032498c97020180038fddb8e24,525,2023-09-21,tpanggos3ichwciast
85422afb467e9456013a2a51d4dff702,526,2023-09-22,tpanggos3ichwciast
13f320e7b5ead1024ac95c3b208610db,527,2023-09-22,tpanggos3ichwciast
f4be00279ee2e0a53eafdaa94a151e2c,528,2023-09-22,tpanggos3ichwciast
37f0e884fbad9667e38940169d0a3c95,529,2023-09-22,tpanggos3ichwciast
d64a340bcb633f536d56e51874281454,530,2023-09-22,tpanggos3ichwciast
0fcbc61acd0479dc77e3cccc0f5ffca7,531,2023-09-22,tpanggos3ichwciast
298f95e1bf9136124592c8d4825a06fc,532,2023-09-22,tpanggos3ichwciast
df877f3865752637daa540ea9cbc474f,533,2023-09-22,tpanggos3ichwciast
c399862d3b9d6b76c8436e924a68c45b,534,2023-09-22,tpanggos3ichwciast
33e8075e9970de0cfea955afd4644bb2,535,2023-09-22,tpanggos3ichwciast
65658fde58ab3c2b6e5132a39fae7cb9,536,2023-09-22,tpanggos3ichwciast
5ea1649a31336092c05438df996a3e59,537,2023-09-22,tpanggos3ichwciast
7bcdf75ad237b8e02e301f4091fb6bc8,538,2023-09-22,tpanggos3ichwciast
5737034557ef5b8c02c0e46513b98f90,539,2023-09-22,tpanggos3ichwciast
9b72e31dac81715466cd580a448cf823,540,2023-09-22,tpanggos3ichwciast
16c222aa19898e5058938167c8ab6c57,541,2023-09-22,tpanggos3ichwciast
7dcd340d84f762eba80aa538b0c527f7,542,2023-09-22,tpanggos3ichwciast
81448138f5f163ccdba4acc69819f280,543,2023-09-22,tpanggos3ichwciast
97e8527feaf77a97fc38f34216141515,544,2023-09-23,tpanggos3ichwciast
647bba344396e7c8170902bcf2e15551,545,2023-09-23,tpanggos3ichwciast
ed265bc903a5a097f61d3ec064d96d2e,546,2023-09-23,tpanggos3ichwciast
c75b6f114c23a4d7ea11331e7c00e73c,547,2023-09-23,tpanggos3ichwciast
8d34201a5b85900908db6cae92723617,548,2023-09-23,tpanggos3ichwciast
ccb1d45fb76f7c5a0bf619f979c6cf36,549,2023-09-24,tpanggos3ichwciast
01f78be6f7cad02658508fe4616098a9,550,2023-09-24,tpanggos3ichwciast
7f24d240521d99071c93af3917215ef7,551,2023-09-24,tpanggos3ichwciast
94c7bb58efc3b337800875b5d382a072,552,2023-09-24,tpanggos3ichwciast
f387624df552cea2f369918c5e1e12bc,553,2023-09-24,tpanggos3ichwciast
5e388103a391daabe3de1d76a6739ccd,554,2023-09-24,tpanggos3ichwciast
15de21c670ae7c3f6f3f1f37029303c9,555,2023-09-24,tpanggos3ichwciast
11b921ef080f7736089c757404650e40,556,2023-09-24,tpanggos3ichwciast
6e2713a6efee97bacb63e52c54f0ada0,557,2023-09-24,tpanggos3ichwciast
1bb91f73e9d31ea2830a5e73ce3ed328,558,2023-09-24,tpanggos3ichwciast
3a0772443a0739141292a5429b952fe6,559,2023-09-24,tpanggos3ichwciast
a9a6653e48976138166de32772b1bf40,560,2023-09-24,tpanggos3ichwciast
58ae749f25eded36f486bc85feb3f0ab,561,2023-09-24,tpanggos3ichwciast
4e4b5fbbbb602b6d35bea8460aa8f8e5,562,2023-09-24,tpanggos3ichwciast
8eefcfdf5990e441f0fb6f3fad709e21,563,2023-09-24,tpanggos3ichwciast
1728efbda81692282ba642aafd57be3a,564,2023-09-24,tpanggos3ichwciast
cbcb58ac2e496207586df2854b17995f,565,2023-09-25,tpanggos3ichwciast
db85e2590b6109813dafa101ceb2faeb,566,2023-09-25,tpanggos3ichwciast
99c5e07b4d5de9d18c350cdf64c5aa3d,567,2023-09-25,tpanggos3ichwciast
dd458505749b2941217ddd59394240e8,568,2023-09-25,tpanggos3ichwciast
8b16ebc056e613024c057be590b542eb,569,2023-09-25,tpanggos3ichwciast
a86c450b76fb8c371afead6410d55534,570,2023-09-25,tpanggos3ichwciast
c9892a989183de32e976c6f04e700201,571,2023-09-25,tpanggos3ichwciast
e6b4b2a746ed40e1af829d1fa82daa10,572,2023-09-25,tpanggos3ichwciast
e5f6ad6ce374177eef023bf5d0c018b6,573,2023-09-25,tpanggos3ichwciast
f0e52b27a7a5d6a1a87373dffa53dbe5,574,2023-09-25,tpanggos3ichwciast
ffeabd223de0d4eacb9a3e6e53e5448d,575,2023-09-26,tpanggos3ichwciast
a7aeed74714116f3b292a982238f83d2,576,2023-09-26,tpanggos3ichwciast
fde9264cf376fffe2ee4ddf4a988880d,577,2023-09-26,tpanggos3ichwciast
a8849b052492b5106526b2331e526138,578,2023-09-26,tpanggos3ichwciast
258be18e31c8188555c2ff05b4d542c3,579,2023-09-26,tpanggos3ichwciast
069d3bb002acd8d7dd095917f9efe4cb,580,2023-09-27,tpanggos3ichwciast
c6e19e830859f2cb9f7c8f8cacb8d2a6,581,2023-09-27,tpanggos3ichwciast
46922a0880a8f11f8f69cbb52b1396be,582,2023-09-28,tpanggos3ichwciast
9ad6aaed513b73148b7d49f70afcfb32,583,2023-09-28,tpanggos3ichwciast
f5deaeeae1538fb6c45901d524ee2f98,584,2023-09-28,tpanggos3ichwciast
a9a1d5317a33ae8cef33961c34144f84,585,2023-09-29,tpanggos3ichwciast
605ff764c617d3cd28dbbdd72be8f9a2,586,2023-09-29,tpanggos3ichwciast
766ebcd59621e305170616ba3d3dac32,587,2023-09-29,tpanggos3ichwciast
daca41214b39c5dc66674d09081940f0,588,2023-09-29,tpanggos3ichwciast
30bb3825e8f631cc6075c0f87bb4978c,589,2023-09-29,tpanggos3ichwciast
08b255a5d42b89b0585260b6f2360bdd,590,2023-09-29,tpanggos3ichwciast
3493894fa4ea036cfc6433c3e2ee63b0,591,2023-09-30,tpanggos3ichwciast
dbe272bab69f8e13f14b405e038deb64,592,2023-09-30,tpanggos3ichwciast
acc3e0404646c57502b480dc052c4fe1,593,2023-09-30,tpanggos3ichwciast
076a0c97d09cf1a0ec3e19c7f2529f2b,594,2023-09-30,tpanggos3ichwciast
04ecb1fa28506ccb6f72b12c0245ddbc,595,2023-09-30,tpanggos3ichwciast
b2eeb7362ef83deff5c7813a67e14f0a,596,2023-09-30,tpanggos3ichwciast
08c5433a60135c32e34f46a71175850c,597,2023-09-30,tpanggos3ichwciast
6aca97005c68f1206823815f66102863,598,2023-09-30,tpanggos3ichwciast
3435c378bb76d4357324dd7e69f3cd18,599,2023-09-30,tpanggos3ichwciast
d490d7b4576290fa60eb31b5fc917ad1,600,2023-09-30,tpanggos3ichwciast
b2f627fff19fda463cb386442eac2b3d,601,2023-09-30,tpanggos3ichwciast
c3992e9a68c5ae12bd18488bc579b30d,602,2023-09-30,tpanggos3ichwciast
d86ea612dec96096c5e0fcc8dd42ab6d,603,2023-09-30,tpanggos3ichwciast
9cf81d8026a9018052c429cc4e56739b,604,2023-09-30,tpanggos3ichwciast
c361bc7b2c033a83d663b8d9fb4be56e,605,2023-10-01,tpanggos3ichwciast
44c4c17332cace2124a1a836d9fc4b6f,606,2023-10-01,tpanggos3ichwciast
dc82d632c9fcecb0778afbc7924494a6,607,2023-10-01,tpanggos3ichwciast
996a7fa078cc36c46d02f9af3bef918b,608,2023-10-01,tpanggos3ichwciast
d7a728a67d909e714c0774e22cb806f2,609,2023-10-01,tpanggos3ichwciast
00ac8ed3b4327bdd4ebbebcb2ba10a00,610,2023-10-01,tpanggos3ichwciast
8ebda540cbcc4d7336496819a46a1b68,611,2023-10-01,tpanggos3ichwciast
f76a89f0cb91bc419542ce9fa43902dc,612,2023-10-01,tpanggos3ichwciast
f29c21d4897f78948b91f03172341b7b,613,2023-10-01,tpanggos3ichwciast
851ddf5058cf22df63d3344ad89919cf,614,2023-10-01,tpanggos3ichwciast
58d4d1e7b1e97b258c9ed0b37e02d087,615,2023-10-02,tpanggos3ichwciast
7750ca3559e5b8e1f44210283368fc16,616,2023-10-02,tpanggos3ichwciast
5d44ee6f2c3f71b73125876103c8f6c4,617,2023-10-02,tpanggos3ichwciast
eb6fdc36b281b7d5eabf33396c2683a2,618,2023-10-02,tpanggos3ichwciast
cdc0d6e63aa8e41c89689f54970bb35f,619,2023-10-02,tpanggos3ichwciast
b73dfe25b4b8714c029b37a6ad3006fa,620,2023-10-02,tpanggos3ichwciast
85fc37b18c57097425b52fc7afbb6969,621,2023-10-02,tpanggos3ichwciast
3871bd64012152bfb53fdf04b401193f,622,2023-10-02,tpanggos3ichwciast
a733fa9b25f33689e2adbe72199f0e62,623,2023-10-02,tpanggos3ichwciast
48ab2f9b45957ab574cf005eb8a76760,624,2023-10-02,tpanggos3ichwciast
233509073ed3432027d48b1a83f5fbd2,625,2023-10-02,tpanggos3ichwciast
45645a27c4f1adc8a7a835976064a86d,626,2023-10-03,tpanggos3ichwciast
185c29dc24325934ee377cfda20e414c,627,2023-10-03,tpanggos3ichwciast
42e77b63637ab381e8be5f8318cc28a2,628,2023-10-03,tpanggos3ichwciast
051e4e127b92f5d98d3c79b195f2b291,629,2023-10-03,tpanggos3ichwciast
9cc138f8dc04cbf16240daa92d8d50e2,630,2023-10-03,tpanggos3ichwciast
b7bb35b9c6ca2aee2df08cf09d7016c2,631,2023-10-03,tpanggos3ichwciast
abd815286ba1007abfbb8415b83ae2cf,632,2023-10-03,tpanggos3ichwciast
26dd0dbc6e3f4c8043749885523d6a25,633,2023-10-03,tpanggos3ichwciast
6766aa2750c19aad2fa1b32f36ed4aee,634,2023-10-03,tpanggos3ichwciast
6a10bbd480e4c5573d8f3af73ae0454b,635,2023-10-03,tpanggos3ichwciast
c5ab0bc60ac7929182aadd08703f1ec6,636,2023-10-04,tpanggos3ichwciast
a532400ed62e772b9dc0b86f46e583ff,637,2023-10-04,tpanggos3ichwciast
4c27cea8526af8cfee3be5e183ac9605,638,2023-10-04,tpanggos3ichwciast
0f96613235062963ccde717b18f97592,639,2023-10-04,tpanggos3ichwciast
4ffce04d92a4d6cb21c1494cdfcd6dc1,640,2023-10-04,tpanggos3ichwciast
67e103b0761e60683e83c559be18d40c,641,2023-10-04,tpanggos3ichwciast
291597a100aadd814d197af4f4bab3a7,642,2023-10-04,tpanggos3ichwciast
9b698eb3105bd82528f23d0c92dedfc0,643,2023-10-04,tpanggos3ichwciast
8c7bbbba95c1025975e548cee86dfadc,644,2023-10-04,tpanggos3ichwciast
5e9f92a01c986bafcabbafd145520b13,645,2023-10-04,tpanggos3ichwciast
0ff39bbbf981ac0151d340c9aa40e63e,646,2023-10-04,tpanggos3ichwciast
303ed4c69846ab36c2904d3ba8573050,647,2023-10-04,tpanggos3ichwciast
443cb001c138b2561a0d90720d6ce111,648,2023-10-04,tpanggos3ichwciast
55b37c5c270e5d84c793e486d798c01d,649,2023-10-04,tpanggos3ichwciast
884d247c6f65a96a7da4d1105d584ddd,650,2023-10-04,tpanggos3ichwciast
55743cc0393b1cb4b8b37d09ae48d097,651,2023-10-04,tpanggos3ichwciast
30ef30b64204a3088a26bc2e6ecf7602,652,2023-10-04,tpanggos3ichwciast
eaae339c4d89fc102edd9dbdb6a28915,653,2023-10-04,tpanggos3ichwciast
ab233b682ec355648e7891e66c54191b,654,2023-10-04,tpanggos3ichwciast
3d2d8ccb37df977cb6d9da15b76c3f3a,655,2023-10-05,tpanggos3ichwciast
26408ffa703a72e8ac0117e74ad46f33,656,2023-10-05,tpanggos3ichwciast
b4288d9c0ec0a1841b3b3728321e7088,657,2023-10-05,tpanggos3ichwciast
2f37d10131f2a483a8dd005b3d14b0d9,658,2023-10-05,tpanggos3ichwciast
0ff8033cf9437c213ee13937b1c4c455,659,2023-10-05,tpanggos3ichwciast
68264bdb65b97eeae6788aa3348e553c,660,2023-10-05,tpanggos3ichwciast
3a066bda8c96b9478bb0512f0a43028c,661,2023-10-06,tpanggos3ichwciast
be3159ad04564bfb90db9e32851ebf9c,662,2023-10-06,tpanggos3ichwciast
8757150decbd89b0f5442ca3db4d0e0e,663,2023-10-06,tpanggos3ichwciast
2291d2ec3b3048d1a6f86c2c4591b7e0,664,2023-10-06,tpanggos3ichwciast
84117275be999ff55a987b9381e01f96,665,2023-10-06,tpanggos3ichwciast
fae0b27c451c728867a567e8c1bb4e53,666,2023-10-06,tpanggos3ichwciast
b5dc4e5d9b495d0196f61d45b26ef33e,667,2023-10-06,tpanggos3ichwciast
192fc044e74dffea144f9ac5dc9f3395,668,2023-10-06,tpanggos3ichwciast
5c04925674920eb58467fb52ce4ef728,669,2023-10-06,tpanggos3ichwciast
17c276c8e723eb46aef576537e9d56d0,670,2023-10-06,tpanggos3ichwciast
5dd9db5e033da9c6fb5ba83c7a7ebea9,671,2023-10-06,tpanggos3ichwciast
2dea61eed4bceec564a00115c4d21334,672,2023-10-06,tpanggos3ichwciast
9f396fe44e7c05c16873b05ec425cbad,673,2023-10-06,tpanggos3ichwciast
0d7de1aca9299fe63f3e0041f02638a3,674,2023-10-06,tpanggos3ichwciast
8fecb20817b3847419bb3de39a609afe,675,2023-10-06,tpanggos3ichwciast
dc6a70712a252123c40d2adba6a11d84,676,2023-10-06,tpanggos3ichwciast
71a3cb155f8dc89bf3d0365288219936,677,2023-10-06,tpanggos3ichwciast
9fe8593a8a330607d76796b35c64c600,678,2023-10-06,tpanggos3ichwciast
ca9c267dad0305d1a6308d2a0cf1c39c,679,2023-10-07,tpanggos3ichwciast
fccb3cdc9acc14a6e70a12f74560c026,680,2023-10-07,tpanggos3ichwciast
1595af6435015c77a7149e92a551338e,681,2023-10-07,tpanggos3ichwciast
08d98638c6fcd194a4b1e6992063e944,682,2023-10-07,tpanggos3ichwciast
24681928425f5a9133504de568f5f6df,683,2023-10-07,tpanggos3ichwciast
556f391937dfd4398cbac35e050a2177,684,2023-10-07,tpanggos3ichwciast
3328bdf9a4b9504b9398284244fe97c2,685,2023-10-07,tpanggos3ichwciast
109a0ca3bc27f3e96597370d5c8cf03d,686,2023-10-07,tpanggos3ichwciast
7f5d04d189dfb634e6a85bb9d9adf21e,687,2023-10-07,tpanggos3ichwciast
f79921bbae40a577928b76d2fc3edc2a,688,2023-10-07,tpanggos3ichwciast
07a96b1f61097ccb54be14d6a47439b0,689,2023-10-07,tpanggos3ichwciast
c06d06da9666a219db15cf575aff2824,690,2023-10-07,tpanggos3ichwciast
10a5ab2db37feedfdeaab192ead4ac0e,691,2023-10-07,tpanggos3ichwciast
e555ebe0ce426f7f9b2bef0706315e0c,692,2023-10-07,tpanggos3ichwciast
53e3a7161e428b65688f14b84d61c610,693,2023-10-07,tpanggos3ichwciast
5487315b1286f907165907aa8fc96619,694,2023-10-07,tpanggos3ichwciast
e4bb4c5173c2ce17fd8fcd40041c068f,695,2023-10-08,tpanggos3ichwciast
0cb929eae7a499e50248a3a78f7acfc7,696,2023-10-08,tpanggos3ichwciast
8a0e1141fd37fa5b98d5bb769ba1a7cc,697,2023-10-08,tpanggos3ichwciast
99bcfcd754a98ce89cb86f73acc04645,698,2023-10-08,tpanggos3ichwciast
afd4836712c5e77550897e25711e1d96,699,2023-10-08,tpanggos3ichwciast
e5841df2166dd424a57127423d276bbe,700,2023-10-08,tpanggos3ichwciast
b4a528955b84f584974e92d025a75d1f,701,2023-10-08,tpanggos3ichwciast
b1eec33c726a60554bc78518d5f9b32c,702,2023-10-08,tpanggos3ichwciast
d6c651ddcd97183b2e40bc464231c962,703,2023-10-08,tpanggos3ichwciast
f64eac11f2cd8f0efa196f8ad173178e,704,2023-10-08,tpanggos3ichwciast
4a47d2983c8bd392b120b627e0e1cab4,705,2023-10-09,tpanggos3ichwciast
9c82c7143c102b71c593d98d96093fde,706,2023-10-09,tpanggos3ichwciast
500e75a036dc2d7d2fec5da1b71d36cc,707,2023-10-09,tpanggos3ichwciast
ae0eb3eed39d2bcef4622b2499a05fe6,708,2023-10-09,tpanggos3ichwciast
1ecfb463472ec9115b10c292ef8bc986,709,2023-10-10,tpanggos3ichwciast
e70611883d2760c8bbafb4acb29e3446,710,2023-10-10,tpanggos3ichwciast
6081594975a764c8e3a691fa2b3a321d,711,2023-10-10,tpanggos3ichwciast
19bc916108fc6938f52cb96f7e087941,712,2023-10-10,tpanggos3ichwciast
07c5807d0d927dcd0980f86024e5208b,713,2023-10-10,tpanggos3ichwciast
d14220ee66aeec73c49038385428ec4c,714,2023-10-10,tpanggos3ichwciast
8df707a948fac1b4a0f97aa554886ec8,715,2023-10-10,tpanggos3ichwciast
e7f8a7fb0b77bcb3b283af5be021448f,716,2023-10-10,tpanggos3ichwciast
788d986905533aba051261497ecffcbb,717,2023-10-10,tpanggos3ichwciast
50c3d7614917b24303ee6a220679dab3,718,2023-10-10,tpanggos3ichwciast
2afe4567e1bf64d32a5527244d104cea,719,2023-10-10,tpanggos3ichwciast
5f2c22cb4a5380af7ca75622a6426917,720,2023-10-11,tpanggos3ichwciast
aba3b6fd5d186d28e06ff97135cade7f,721,2023-10-11,tpanggos3ichwciast
c8ed21db4f678f3b13b9d5ee16489088,722,2023-10-11,tpanggos3ichwciast
08419be897405321542838d77f855226,723,2023-10-11,tpanggos3ichwciast
7f1171a78ce0780a2142a6eb7bc4f3c8,724,2023-10-11,tpanggos3ichwciast
82f2b308c3b01637c607ce05f52a2fed,725,2023-10-11,tpanggos3ichwciast
0d3180d672e08b4c5312dcdafdf6ef36,726,2023-10-11,tpanggos3ichwciast
fb89705ae6d743bf1e848c206e16a1d7,727,2023-10-11,tpanggos3ichwciast
d4c2e4a3297fe25a71d030b67eb83bfc,728,2023-10-11,tpanggos3ichwciast
5751ec3e9a4feab575962e78e006250d,729,2023-10-11,tpanggos3ichwciast
d5cfead94f5350c12c322b5b664544c1,730,2023-10-11,tpanggos3ichwciast
59c33016884a62116be975a9bb8257e3,731,2023-10-11,tpanggos3ichwciast
ba3866600c3540f67c1e9575e213be0a,732,2023-10-11,tpanggos3ichwciast
6c29793a140a811d0c45ce03c1c93a28,733,2023-10-11,tpanggos3ichwciast
e995f98d56967d946471af29d7bf99f1,734,2023-10-11,tpanggos3ichwciast
6cd67d9b6f0150c77bda2eda01ae484c,735,2023-10-11,tpanggos3ichwciast
6bc24fc1ab650b25b4114e93a98f1eba,736,2023-10-11,tpanggos3ichwciast
a5cdd4aa0048b187f7182f1b9ce7a6a7,737,2023-10-11,tpanggos3ichwciast
217eedd1ba8c592db97d0dbe54c7adfc,738,2023-10-11,tpanggos3ichwciast
df263d996281d984952c07998dc54358,739,2023-10-12,tpanggos3ichwciast
edfbe1afcf9246bb0d40eb4d8027d90f,740,2023-10-12,tpanggos3ichwciast
2e65f2f2fdaf6c699b223c61b1b5ab89,741,2023-10-12,tpanggos3ichwciast
e94550c93cd70fe748e6982b3439ad3b,742,2023-10-12,tpanggos3ichwciast
5c572eca050594c7bc3c36e7e8ab9550,743,2023-10-12,tpanggos3ichwciast
0537fb40a68c18da59a35c2bfe1ca554,744,2023-10-12,tpanggos3ichwciast
5f0f5e5f33945135b874349cfbed4fb9,745,2023-10-12,tpanggos3ichwciast
185e65bc40581880c4f2c82958de8cfe,746,2023-10-12,tpanggos3ichwciast
8d317bdcf4aafcfc22149d77babee96d,747,2023-10-12,tpanggos3ichwciast
e49b8b4053df9505e1f48c3a701c0682,748,2023-10-12,tpanggos3ichwciast
b056eb1587586b71e2da9acfe4fbd19e,749,2023-10-12,tpanggos3ichwciast
b137fdd1f79d56c7edf3365fea7520f2,750,2023-10-12,tpanggos3ichwciast
912d2b1c7b2826caf99687388d2e8f7c,751,2023-10-12,tpanggos3ichwciast
a1d33d0dfec820b41b54430b50e96b5c,752,2023-10-12,tpanggos3ichwciast
6f2268bd1d3d3ebaabb04d6b5d099425,753,2023-10-12,tpanggos3ichwciast
872488f88d1b2db54d55bc8bba2fad1b,754,2023-10-12,tpanggos3ichwciast
ccb0989662211f61edae2e26d58ea92f,755,2023-10-12,tpanggos3ichwciast
2823f4797102ce1a1aec05359cc16dd9,756,2023-10-12,tpanggos3ichwciast
470e7a4f017a5476afb7eeb3f8b96f9b,757,2023-10-13,tpanggos3ichwciast
bf62768ca46b6c3b5bea9515d1a1fc45,758,2023-10-13,tpanggos3ichwciast
fa14d4fe2f19414de3ebd9f63d5c0169,759,2023-10-13,tpanggos3ichwciast
2ca65f58e35d9ad45bf7f3ae5cfd08f1,760,2023-10-13,tpanggos3ichwciast
88ae6372cfdc5df69a976e893f4d554b,761,2023-10-13,tpanggos3ichwciast
06997f04a7db92466a2baa6ebc8b872d,762,2023-10-13,tpanggos3ichwciast
eefc9e10ebdc4a2333b42b2dbb8f27b6,763,2023-10-13,tpanggos3ichwciast
5807a685d1a9ab3b599035bc566ce2b9,764,2023-10-13,tpanggos3ichwciast
d840cc5d906c3e9c84374c8919d2074e,765,2023-10-13,tpanggos3ichwciast
959a557f5f6beb411fd954f3f34b21c3,766,2023-10-13,tpanggos3ichwciast
f2201f5191c4e92cc5af043eebfd0946,767,2023-10-13,tpanggos3ichwciast
3a835d3215755c435ef4fe9965a3f2a0,768,2023-10-13,tpanggos3ichwciast
288cc0ff022877bd3df94bc9360b9c5d,769,2023-10-13,tpanggos3ichwciast
4ea06fbc83cdd0a06020c35d50e1e89a,770,2023-10-13,tpanggos3ichwciast
b7ee6f5f9aa5cd17ca1aea43ce848496,771,2023-10-13,tpanggos3ichwciast
e57c6b956a6521b28495f2886ca0977a,772,2023-10-13,tpanggos3ichwciast
86b122d4358357d834a87ce618a55de0,773,2023-10-13,tpanggos3ichwciast
4e0928de075538c593fbdabb0c5ef2c3,774,2023-10-13,tpanggos3ichwciast
c0f168ce8900fa56e57789e2a2f2c9d0,775,2023-10-14,tpanggos3ichwciast
8c6744c9d42ec2cb9e8885b54ff744d0,776,2023-10-14,tpanggos3ichwciast
f1c1592588411002af340cbaedd6fc33,777,2023-10-14,tpanggos3ichwciast
e07413354875be01a996dc560274708e,778,2023-10-14,tpanggos3ichwciast
67d96d458abdef21792e6d8e590244e7,779,2023-10-14,tpanggos3ichwciast
a8e864d04c95572d1aece099af852d0a,780,2023-10-14,tpanggos3ichwciast
7143d7fbadfa4693b9eec507d9d37443,781,2023-10-14,tpanggos3ichwciast
72da7fd6d1302c0a159f6436d01e9eb0,782,2023-10-14,tpanggos3ichwciast
6e0721b2c6977135b916ef286bcb49ec,783,2023-10-14,tpanggos3ichwciast
fc8001f834f6a5f0561080d134d53d29,784,2023-10-14,tpanggos3ichwciast
4b04a686b0ad13dce35fa99fa4161c65,785,2023-10-14,tpanggos3ichwciast
61b4a64be663682e8cb037d9719ad8cd,786,2023-10-15,tpanggos3ichwciast
3621f1454cacf995530ea53652ddf8fb,787,2023-10-15,tpanggos3ichwciast
c15da1f2b5e5ed6e6837a3802f0d1593,788,2023-10-15,tpanggos3ichwciast
68053af2923e00204c3ca7c6a3150cf7,789,2023-10-15,tpanggos3ichwciast
2dace78f80bc92e6d7493423d729448e,790,2023-10-15,tpanggos3ichwciast
df7f28ac89ca37bf1abd2f6c184fe1cf,791,2023-10-15,tpanggos3ichwciast
96ea64f3a1aa2fd00c72faacf0cb8ac9,792,2023-10-16,tpanggos3ichwciast
da8ce53cf0240070ce6c69c48cd588ee,793,2023-10-16,tpanggos3ichwciast
82489c9737cc245530c7a6ebef3753ec,794,2023-10-16,tpanggos3ichwciast
7c590f01490190db0ed02a5070e20f01,795,2023-10-16,tpanggos3ichwciast
35cf8659cfcb13224cbd47863a34fc58,796,2023-10-16,tpanggos3ichwciast
beb22fb694d513edcf5533cf006dfeae,797,2023-10-16,tpanggos3ichwciast
9e3cfc48eccf81a0d57663e129aef3cb,798,2023-10-16,tpanggos3ichwciast
28267ab848bcf807b2ed53c3a8f8fc8a,799,2023-10-16,tpanggos3ichwciast
7a53928fa4dd31e82c6ef826f341daec,800,2023-10-16,tpanggos3ichwciast
1905aedab9bf2477edc068a355bba31a,801,2023-10-16,tpanggos3ichwciast
1141938ba2c2b13f5505d7c424ebae5f,802,2023-10-16,tpanggos3ichwciast
1aa48fc4880bb0c9b8a3bf979d3b917e,803,2023-10-16,tpanggos3ichwciast
dc5689792e08eb2e219dce49e64c885b,804,2023-10-16,tpanggos3ichwciast
846c260d715e5b854ffad5f70a516c88,805,2023-10-17,tpanggos3ichwciast
d58072be2820e8682c0a27c0518e805e,806,2023-10-17,tpanggos3ichwciast
6e7b33fdea3adc80ebd648fffb665bb8,807,2023-10-17,tpanggos3ichwciast
a8ecbabae151abacba7dbde04f761c37,808,2023-10-17,tpanggos3ichwciast
32b30a250abd6331e03a2a1f16466346,809,2023-10-17,tpanggos3ichwciast
b6edc1cd1f36e45daf6d7824d7bb2283,810,2023-10-17,tpanggos3ichwciast
670e8a43b246801ca1eaca97b3e19189,811,2023-10-17,tpanggos3ichwciast
81e74d678581a3bb7a720b019f4f1a93,812,2023-10-17,tpanggos3ichwciast
e0cf1f47118daebc5b16269099ad7347,813,2023-10-17,tpanggos3ichwciast
96b9bff013acedfb1d140579e2fbeb63,814,2023-10-17,tpanggos3ichwciast
71ad16ad2c4d81f348082ff6c4b20768,815,2023-10-17,tpanggos3ichwciast
43fa7f58b7eac7ac872209342e62e8f1,816,2023-10-17,tpanggos3ichwciast
31839b036f63806cba3f47b93af8ccb5,817,2023-10-17,tpanggos3ichwciast
f0adc8838f4bdedde4ec2cfad0515589,818,2023-10-17,tpanggos3ichwciast
3b5dca501ee1e6d8cd7b905f4e1bf723,819,2023-10-17,tpanggos3ichwciast
e2a2dcc36a08a345332c751b2f2e476c,820,2023-10-17,tpanggos3ichwciast
4558dbb6f6f8bb2e16d03b85bde76e2c,821,2023-10-17,tpanggos3ichwciast
afda332245e2af431fb7b672a68b659d,822,2023-10-17,tpanggos3ichwciast
632cee946db83e7a52ce5e8d6f0fed35,823,2023-10-18,tpanggos3ichwciast
677e09724f0e2df9b6c000b75b5da10d,824,2023-10-18,tpanggos3ichwciast
d554f7bb7be44a7267068a7df88ddd20,825,2023-10-18,tpanggos3ichwciast
795c7a7a5ec6b460ec00c5841019b9e9,826,2023-10-18,tpanggos3ichwciast
fa3a3c407f82377f55c19c5d403335c7,827,2023-10-18,tpanggos3ichwciast
c2626d850c80ea07e7511bbae4c76f4b,828,2023-10-18,tpanggos3ichwciast
ce78d1da254c0843eb23951ae077ff5f,829,2023-10-18,tpanggos3ichwciast
8e82ab7243b7c66d768f1b8ce1c967eb,830,2023-10-18,tpanggos3ichwciast
e0ec453e28e061cc58ac43f91dc2f3f0,831,2023-10-18,tpanggos3ichwciast
7250eb93b3c18cc9daa29cf58af7a004,832,2023-10-18,tpanggos3ichwciast
013a006f03dbc5392effeb8f18fda755,833,2023-10-18,tpanggos3ichwciast
301ad0e3bd5cb1627a2044908a42fdc2,834,2023-10-18,tpanggos3ichwciast
4d5b995358e7798bc7e9d9db83c612a5,835,2023-10-18,tpanggos3ichwciast
ab88b15733f543179858600245108dd8,836,2023-10-18,tpanggos3ichwciast
b0b183c207f46f0cca7dc63b2604f5cc,837,2023-10-18,tpanggos3ichwciast
f9028faec74be6ec9b852b0a542e2f39,838,2023-10-18,tpanggos3ichwciast
8f7d807e1f53eff5f9efbe5cb81090fb,839,2023-10-18,tpanggos3ichwciast
fa83a11a198d5a7f0bf77a1987bcd006,840,2023-10-18,tpanggos3ichwciast
02a32ad2669e6fe298e607fe7cc0e1a0,841,2023-10-19,tpanggos3ichwciast
fc3cf452d3da8402bebb765225ce8c0e,842,2023-10-19,tpanggos3ichwciast
3d8e28caf901313a554cebc7d32e67e5,843,2023-10-19,tpanggos3ichwciast
e97ee2054defb209c35fe4dc94599061,844,2023-10-19,tpanggos3ichwciast
b86e8d03fe992d1b0e19656875ee557c,845,2023-10-19,tpanggos3ichwciast
84f7e69969dea92a925508f7c1f9579a,846,2023-10-19,tpanggos3ichwciast
f4552671f8909587cf485ea990207f3b,847,2023-10-19,tpanggos3ichwciast
362e80d4df43b03ae6d3f8540cd63626,848,2023-10-19,tpanggos3ichwciast
fe8c15fed5f808006ce95eddb7366e35,849,2023-10-19,tpanggos3ichwciast
1efa39bcaec6f3900149160693694536,850,2023-10-19,tpanggos3ichwciast
92fb0c6d1758261f10d052e6e2c1123c,851,2023-10-19,tpanggos3ichwciast
22ac3c5a5bf0b520d281c122d1490650,852,2023-10-19,tpanggos3ichwciast
aff1621254f7c1be92f64550478c56e6,853,2023-10-19,tpanggos3ichwciast
f7e9050c92a851b0016442ab604b0488,854,2023-10-20,tpanggos3ichwciast
addfa9b7e234254d26e9c7f2af1005cb,855,2023-10-20,tpanggos3ichwciast
8c235f89a8143a28a1d6067e959dd858,856,2023-10-20,tpanggos3ichwciast
847cc55b7032108eee6dd897f3bca8a5,857,2023-10-20,tpanggos3ichwciast
a67f096809415ca1c9f112d96d27689b,858,2023-10-20,tpanggos3ichwciast
2a084e55c87b1ebcdaad1f62fdbbac8e,859,2023-10-20,tpanggos3ichwciast
fc49306d97602c8ed1be1dfbf0835ead,860,2023-10-20,tpanggos3ichwciast
f9a40a4780f5e1306c46f1c8daecee3b,861,2023-10-20,tpanggos3ichwciast
5ec91aac30eae62f4140325d09b9afd0,862,2023-10-20,tpanggos3ichwciast
19b650660b253761af189682e03501dd,863,2023-10-20,tpanggos3ichwciast
1fc214004c9481e4c8073e85323bfd4b,864,2023-10-20,tpanggos3ichwciast
3b3dbaf68507998acd6a5a5254ab2d76,865,2023-10-20,tpanggos3ichwciast
ca8155f4d27f205953f9d3d7974bdd70,866,2023-10-20,tpanggos3ichwciast
ede7e2b6d13a41ddf9f4bdef84fdc737,867,2023-10-21,tpanggos3ichwciast
dd45045f8c68db9f54e70c67048d32e8,868,2023-10-21,tpanggos3ichwciast
49c9adb18e44be0711a94e827042f630,869,2023-10-21,tpanggos3ichwciast
22fb0cee7e1f3bde58293de743871417,870,2023-10-21,tpanggos3ichwciast
aeb3135b436aa55373822c010763dd54,871,2023-10-21,tpanggos3ichwciast
43feaeeecd7b2fe2ae2e26d917b6477d,872,2023-10-21,tpanggos3ichwciast
98d6f58ab0dafbb86b083a001561bb34,873,2023-10-21,tpanggos3ichwciast
51ef186e18dc00c2d31982567235c559,874,2023-10-21,tpanggos3ichwciast
4b0a59ddf11c58e7446c9df0da541a84,875,2023-10-21,tpanggos3ichwciast
67d16d00201083a2b118dd5128dd6f59,876,2023-10-21,tpanggos3ichwciast
352407221afb776e3143e8a1a0577885,877,2023-10-21,tpanggos3ichwciast
dd8eb9f23fbd362da0e3f4e70b878c16,878,2023-10-21,tpanggos3ichwciast
d516b13671a4179d9b7b458a6ebdeb92,879,2023-10-22,tpanggos3ichwciast
1f50893f80d6830d62765ffad7721742,880,2023-10-22,tpanggos3ichwciast
7504adad8bb96320eb3afdd4df6e1f60,881,2023-10-22,tpanggos3ichwciast
6c3cf77d52820cd0fe646d38bc2145ca,882,2023-10-22,tpanggos3ichwciast
210f760a89db30aa72ca258a3483cc7f,883,2023-10-22,tpanggos3ichwciast
170c944978496731ba71f34c25826a34,884,2023-10-22,tpanggos3ichwciast
0efe32849d230d7f53049ddc4a4b0c60,885,2023-10-22,tpanggos3ichwciast
704afe073992cbe4813cae2f7715336f,886,2023-10-22,tpanggos3ichwciast
7ce3284b743aefde80ffd9aec500e085,887,2023-10-22,tpanggos3ichwciast
0a113ef6b61820daa5611c870ed8d5ee,888,2023-10-22,tpanggos3ichwciast
07871915a8107172b3b5dc15a6574ad3,889,2023-10-22,tpanggos3ichwciast
024d7f84fff11dd7e8d9c510137a2381,890,2023-10-22,tpanggos3ichwciast
cfbce4c1d7c425baf21d6b6f2babe6be,891,2023-10-22,tpanggos3ichwciast
c2aee86157b4a40b78132f1e71a9e6f1,892,2023-10-22,tpanggos3ichwciast
d56b9fc4b0f1be8871f5e1c40c0067e7,893,2023-10-22,tpanggos3ichwciast
4b0250793549726d5c1ea3906726ebfe,894,2023-10-22,tpanggos3ichwciast
20aee3a5f4643755a79ee5f6a73050ac,895,2023-10-23,tpanggos3ichwciast
061412e4a03c02f9902576ec55ebbe77,896,2023-10-23,tpanggos3ichwciast
5705e1164a8394aace6018e27d20d237,897,2023-10-23,tpanggos3ichwciast
a64c94baaf368e1840a1324e839230de,898,2023-10-23,tpanggos3ichwciast
01882513d5fa7c329e940dda99b12147,899,2023-10-24,tpanggos3ichwciast
acf4b89d3d503d8252c9c4ba75ddbf6d,900,2023-10-24,tpanggos3ichwciast
892c91e0a653ba19df81a90f89d99bcd,901,2023-10-24,tpanggos3ichwciast
b6a1085a27ab7bff7550f8a3bd017df8,902,2023-10-25,tpanggos3ichwciast
aa169b49b583a2b5af89203c2b78c67c,903,2023-10-25,tpanggos3ichwciast
f47d0ad31c4c49061b9e505593e3db98,904,2023-10-25,tpanggos3ichwciast
f57a2f557b098c43f11ab969efe1504b,905,2023-10-25,tpanggos3ichwciast
c8fbbc86abe8bd6a5eb6a3b4d0411301,906,2023-10-25,tpanggos3ichwciast
621461af90cadfdaf0e8d4cc25129f91,907,2023-10-25,tpanggos3ichwciast
8b6dd7db9af49e67306feb59a8bdc52c,908,2023-10-25,tpanggos3ichwciast
a4300b002bcfb71f291dac175d52df94,909,2023-10-25,tpanggos3ichwciast
e205ee2a5de471a70c1fd1b46033a75f,910,2023-10-25,tpanggos3ichwciast
b56a18e0eacdf51aa2a5306b0f533204,911,2023-10-25,tpanggos3ichwciast
2a9d121cd9c3a1832bb6d2cc6bd7a8a7,912,2023-10-25,tpanggos3ichwciast
8b5040a8a5baf3e0e67386c2e3a9b903,913,2023-10-25,tpanggos3ichwciast
7634ea65a4e6d9041cfd3f7de18e334a,914,2023-10-25,tpanggos3ichwciast
24896ee4c6526356cc127852413ea3b4,915,2023-10-25,tpanggos3ichwciast
23ce1851341ec1fa9e0c259de10bf87c,916,2023-10-25,tpanggos3ichwciast
da0d1111d2dc5d489242e60ebcbaf988,917,2023-10-26,tpanggos3ichwciast
1e056d2b0ebd5c878c550da6ac5d3724,918,2023-10-26,tpanggos3ichwciast
3e89ebdb49f712c7d90d1b39e348bbbf,919,2023-10-26,tpanggos3ichwciast
6d0f846348a856321729a2f36734d1a7,920,2023-10-26,tpanggos3ichwciast
430c3626b879b4005d41b8a46172e0c0,921,2023-10-26,tpanggos3ichwciast
ccc0aa1b81bf81e16c676ddb977c5881,922,2023-10-26,tpanggos3ichwciast
c4015b7f368e6b4871809f49debe0579,923,2023-10-26,tpanggos3ichwciast
bea5955b308361a1b07bc55042e25e54,924,2023-10-26,tpanggos3ichwciast
7fa732b517cbed14a48843d74526c11a,925,2023-10-26,tpanggos3ichwciast
cbb6a3b884f4f88b3a8e3d44c636cbd8,926,2023-10-26,tpanggos3ichwciast
1f4477bad7af3616c1f933a02bfabe4e,927,2023-10-27,tpanggos3ichwciast
d045c59a90d7587d8d671b5f5aec4e7c,928,2023-10-27,tpanggos3ichwciast
0d0871f0806eae32d30983b62252da50,929,2023-10-27,tpanggos3ichwciast
1cc3633c579a90cfdd895e64021e2163,930,2023-10-27,tpanggos3ichwciast
9f53d83ec0691550f7d2507d57f4f5a2,931,2023-10-27,tpanggos3ichwciast
d2ed45a52bc0edfa11c2064e9edee8bf,932,2023-10-27,tpanggos3ichwciast
043c3d7e489c69b48737cc0c92d0f3a2,933,2023-10-27,tpanggos3ichwciast
4daa3db355ef2b0e64b472968cb70f0d,934,2023-10-27,tpanggos3ichwciast
e820a45f1dfc7b95282d10b6087e11c0,935,2023-10-27,tpanggos3ichwciast
90794e3b050f815354e3e29e977a88ab,936,2023-10-27,tpanggos3ichwciast
b7892fb3c2f009c65f686f6355c895b5,937,2023-10-27,tpanggos3ichwciast
74bba22728b6185eec06286af6bec36d,938,2023-10-27,tpanggos3ichwciast
3df1d4b96d8976ff5986393e8767f5b2,939,2023-10-27,tpanggos3ichwciast
8d6dc35e506fc23349dd10ee68dabb64,940,2023-10-27,tpanggos3ichwciast
92262bf907af914b95a0fc33c3f33bf6,941,2023-10-28,tpanggos3ichwciast
b55ec28c52d5f6205684a473a2193564,942,2023-10-28,tpanggos3ichwciast
2f885d0fbe2e131bfc9d98363e55d1d4,943,2023-10-29,tpanggos3ichwciast
64223ccf70bbb65a3a4aceac37e21016,944,2023-10-29,tpanggos3ichwciast
4b6538a44a1dfdc2b83477cd76dee98e,945,2023-10-29,tpanggos3ichwciast
c8c41c4a18675a74e01c8a20e8a0f662,946,2023-10-29,tpanggos3ichwciast
c4b31ce7d95c75ca70d50c19aef08bf1,947,2023-10-29,tpanggos3ichwciast
58e4d44e550d0f7ee0a23d6b02d9b0db,948,2023-10-29,tpanggos3ichwciast
3cef96dcc9b8035d23f69e30bb19218a,949,2023-10-29,tpanggos3ichwciast
a3d68b461bd9d3533ee1dd3ce4628ed4,950,2023-10-29,tpanggos3ichwciast
1c1d4df596d01da60385f0bb17a4a9e0,951,2023-10-29,tpanggos3ichwciast
e6cb2a3c14431b55aa50c06529eaa21b,952,2023-10-30,tpanggos3ichwciast
9232fe81225bcaef853ae32870a2b0fe,953,2023-10-30,tpanggos3ichwciast
6395ebd0f4b478145ecfbaf939454fa4,954,2023-10-30,tpanggos3ichwciast
ef4e3b775c934dada217712d76f3d51f,955,2023-10-30,tpanggos3ichwciast
168908dd3227b8358eababa07fcaf091,956,2023-10-30,tpanggos3ichwciast
2ba596643cbbbc20318224181fa46b28,957,2023-10-30,tpanggos3ichwciast
d240e3d38a8882ecad8633c8f9c78c9b,958,2023-10-30,tpanggos3ichwciast
0f840be9b8db4d3fbd5ba2ce59211f55,959,2023-10-30,tpanggos3ichwciast
437d7d1d97917cd627a34a6a0fb41136,960,2023-10-30,tpanggos3ichwciast
d707329bece455a462b58ce00d1194c9,961,2023-10-30,tpanggos3ichwciast
5c936263f3428a40227908d5a3847c0b,962,2023-10-31,tpanggos3ichwciast
1ce927f875864094e3906a4a0b5ece68,963,2023-10-31,tpanggos3ichwciast
8065d07da4a77621450aa84fee5656d9,964,2023-10-31,tpanggos3ichwciast
eeb69a3cb92300456b6a5f4162093851,965,2023-10-31,tpanggos3ichwciast
4e0cb6fb5fb446d1c92ede2ed8780188,966,2023-10-31,tpanggos3ichwciast
6cfe0e6127fa25df2a0ef2ae1067d915,967,2023-10-31,tpanggos3ichwciast
8f468c873a32bb0619eaeb2050ba45d1,968,2023-11-01,tpanggos3ichwciast
e744f91c29ec99f0e662c9177946c627,969,2023-11-01,tpanggos3ichwciast
89fcd07f20b6785b92134bd6c1d0fa42,970,2023-11-01,tpanggos3ichwciast
6602294be910b1e3c4571bd98c4d5484,971,2023-11-01,tpanggos3ichwciast
c22abfa379f38b5b0411bc11fa9bf92f,972,2023-11-01,tpanggos3ichwciast
ca75910166da03ff9d4655a0338e6b09,973,2023-11-01,tpanggos3ichwciast
4311359ed4969e8401880e3c1836fbe1,974,2023-11-01,tpanggos3ichwciast
92977ae4d2ba21425a59afb269c2a14e,975,2023-11-01,tpanggos3ichwciast
9c01802ddb981e6bcfbec0f0516b8e35,976,2023-11-01,tpanggos3ichwciast
cc1aa436277138f61cda703991069eaf,977,2023-11-01,tpanggos3ichwciast
2ab56412b1163ee131e1246da0955bd1,978,2023-11-01,tpanggos3ichwciast
c32d9bf27a3da7ec8163957080c8628e,979,2023-11-01,tpanggos3ichwciast
d79aac075930c83c2f1e369a511148fe,980,2023-11-01,tpanggos3ichwciast
287e03db1d99e0ec2edb90d079e142f3,981,2023-11-01,tpanggos3ichwciast
fec8d47d412bcbeece3d9128ae855a7a,982,2023-11-01,tpanggos3ichwciast
6aab1270668d8cac7cef2566a1c5f569,983,2023-11-01,tpanggos3ichwciast
d93ed5b6db83be78efb0d05ae420158e,984,2023-11-02,tpanggos3ichwciast
54a367d629152b720749e187b3eaa11b,985,2023-11-02,tpanggos3ichwciast
fe7ee8fc1959cc7214fa21c4840dff0a,986,2023-11-02,tpanggos3ichwciast
df6d2338b2b8fce1ec2f6dda0a630eb0,987,2023-11-02,tpanggos3ichwciast
9908279ebbf1f9b250ba689db6a0222b,988,2023-11-02,tpanggos3ichwciast
a1140a3d0df1c81e24ae954d935e8926,989,2023-11-02,tpanggos3ichwciast
4fac9ba115140ac4f1c22da82aa0bc7f,990,2023-11-02,tpanggos3ichwciast
692f93be8c7a41525c0baf2076aecfb4,991,2023-11-02,tpanggos3ichwciast
860320be12a1c050cd7731794e231bd3,992,2023-11-02,tpanggos3ichwciast
7b13b2203029ed80337f27127a9f1d28,993,2023-11-02,tpanggos3ichwciast
934815ad542a4a7c5e8a2dfa04fea9f5,994,2023-11-02,tpanggos3ichwciast
2bcab9d935d219641434683dd9d18a03,995,2023-11-02,tpanggos3ichwciast
0b8aff0438617c055eb55f0ba5d226fa,996,2023-11-02,tpanggos3ichwciast
ec5aa0b7846082a2415f0902f0da88f2,997,2023-11-03,tpanggos3ichwciast
9ab0d88431732957a618d4a469a0d4c3,998,2023-11-03,tpanggos3ichwciast
b706835de79a2b4e80506f582af3676a,999,2023-11-03,tpanggos3ichwciast
a9b7ba70783b617e9998dc4dd82eb3c5,1000,2023-11-03,tpanggos3ichwciast
b8c37e33defde51cf91e1e03e51657da,1001,2023-11-04,tpanggos3ichwciast
fba9d88164f3e2d9109ee770223212a0,1002,2023-11-04,tpanggos3ichwciast
aa68c75c4a77c87f97fb686b2f068676,1003,2023-11-04,tpanggos3ichwciast
fed33392d3a48aa149a87a38b875ba4a,1004,2023-11-04,tpanggos3ichwciast
2387337ba1e0b0249ba90f55b2ba2521,1005,2023-11-04,tpanggos3ichwciast
9246444d94f081e3549803b928260f56,1006,2023-11-04,tpanggos3ichwciast
d7322ed717dedf1eb4e6e52a37ea7bcd,1007,2023-11-04,tpanggos3ichwciast
1587965fb4d4b5afe8428a4a024feb0d,1008,2023-11-04,tpanggos3ichwciast
31b3b31a1c2f8a370206f111127c0dbd,1009,2023-11-04,tpanggos3ichwciast
1e48c4420b7073bc11916c6c1de226bb,1010,2023-11-04,tpanggos3ichwciast
7f975a56c761db6506eca0b37ce6ec87,1011,2023-11-04,tpanggos3ichwciast
f33ba15effa5c10e873bf3842afb46a6,1012,2023-11-04,tpanggos3ichwciast
6b180037abbebea991d8b1232f8a8ca9,1013,2023-11-04,tpanggos3ichwciast
766d856ef1a6b02f93d894415e6bfa0e,1014,2023-11-05,tpanggos3ichwciast
298923c8190045e91288b430794814c4,1015,2023-11-05,tpanggos3ichwciast
08fe2621d8e716b02ec0da35256a998d,1016,2023-11-05,tpanggos3ichwciast
5d616dd38211ebb5d6ec52986674b6e4,1017,2023-11-05,tpanggos3ichwciast
ef50c335cca9f340bde656363ebd02fd,1018,2023-11-05,tpanggos3ichwciast
03e0704b5690a2dee1861dc3ad3316c9,1019,2023-11-05,tpanggos3ichwciast
65cc2c8205a05d7379fa3a6386f710e1,1020,2023-11-05,tpanggos3ichwciast
0768281a05da9f27df178b5c39a51263,1021,2023-11-05,tpanggos3ichwciast
93d65641ff3f1586614cf2c1ad240b6c,1022,2023-11-05,tpanggos3ichwciast
ce5140df15d046a66883807d18d0264b,1023,2023-11-05,tpanggos3ichwciast
021bbc7ee20b71134d53e20206bd6feb,1024,2023-11-05,tpanggos3ichwciast
82b8a3434904411a9fdc43ca87cee70c,1025,2023-11-06,tpanggos3ichwciast
24146db4eb48c718b84cae0a0799dcfc,1026,2023-11-06,tpanggos3ichwciast
883e881bb4d22a7add958f2d6b052c9f,1027,2023-11-06,tpanggos3ichwciast
3806734b256c27e41ec2c6bffa26d9e7,1028,2023-11-06,tpanggos3ichwciast
84d2004bf28a2095230e8e14993d398d,1029,2023-11-06,tpanggos3ichwciast
e515df0d202ae52fcebb14295743063b,1030,2023-11-06,tpanggos3ichwciast
afdec7005cc9f14302cd0474fd0f3c96,1031,2023-11-06,tpanggos3ichwciast
995e1fda4a2b5f55ef0df50868bf2a8f,1032,2023-11-06,tpanggos3ichwciast
e17184bcb70dcf3942c54e0b537ffc6d,1033,2023-11-06,tpanggos3ichwciast
bdb106a0560c4e46ccc488ef010af787,1034,2023-11-06,tpanggos3ichwciast
a34bacf839b923770b2c360eefa26748,1035,2023-11-06,tpanggos3ichwciast
83fa5a432ae55c253d0e60dbfa716723,1036,2023-11-06,tpanggos3ichwciast
eddb904a6db773755d2857aacadb1cb0,1037,2023-11-07,tpanggos3ichwciast
6d70cb65d15211726dcce4c0e971e21c,1038,2023-11-07,tpanggos3ichwciast
27ed0fb950b856b06e1273989422e7d3,1039,2023-11-07,tpanggos3ichwciast
537d9b6c927223c796cac288cced29df,1040,2023-11-07,tpanggos3ichwciast
d736bb10d83a904aefc1d6ce93dc54b8,1041,2023-11-07,tpanggos3ichwciast
9ac403da7947a183884c18a67d3aa8de,1042,2023-11-07,tpanggos3ichwciast
b9141aff1412dc76340b3822d9ea6c72,1043,2023-11-07,tpanggos3ichwciast
1019c8091693ef5c5f55970346633f92,1044,2023-11-07,tpanggos3ichwciast
a0e2a2c563d57df27213ede1ac4ac780,1045,2023-11-07,tpanggos3ichwciast
1579779b98ce9edb98dd85606f2c119d,1046,2023-11-07,tpanggos3ichwciast
20b5e1cf8694af7a3c1ba4a87f073021,1047,2023-11-07,tpanggos3ichwciast
7cce53cf90577442771720a370c3c723,1048,2023-11-07,tpanggos3ichwciast
58c54802a9fb9526cd0923353a34a7ae,1049,2023-11-07,tpanggos3ichwciast
5055cbf43fac3f7e2336b27310f0b9ef,1050,2023-11-07,tpanggos3ichwciast
456ac9b0d15a8b7f1e71073221059886,1051,2023-11-07,tpanggos3ichwciast
f4dd765c12f2ef67f98f3558c282a9cd,1052,2023-11-08,tpanggos3ichwciast
7fec306d1e665bc9c748b5d2b99a6e97,1053,2023-11-08,tpanggos3ichwciast
db576a7d2453575f29eab4bac787b919,1054,2023-11-08,tpanggos3ichwciast
53c04118df112c13a8c34b38343b9c10,1055,2023-11-08,tpanggos3ichwciast
4ca82782c5372a547c104929f03fe7a9,1056,2023-11-08,tpanggos3ichwciast
d8700cbd38cc9f30cecb34f0c195b137,1057,2023-11-08,tpanggos3ichwciast
b4d168b48157c623fbd095b4a565b5bb,1058,2023-11-08,tpanggos3ichwciast
4a08142c38dbe374195d41c04562d9f8,1059,2023-11-08,tpanggos3ichwciast
299a23a2291e2126b91d54f3601ec162,1060,2023-11-08,tpanggos3ichwciast
a89cf525e1d9f04d16ce31165e139a4b,1061,2023-11-09,tpanggos3ichwciast
cd89fef7ffdd490db800357f47722b20,1062,2023-11-10,tpanggos3ichwciast
6c340f25839e6acdc73414517203f5f0,1063,2023-11-10,tpanggos3ichwciast
2290a7385ed77cc5592dc2153229f082,1064,2023-11-10,tpanggos3ichwciast
a2137a2ae8e39b5002a3f8909ecb88fe,1065,2023-11-10,tpanggos3ichwciast
43dd49b4fdb9bede653e94468ff8df1e,1066,2023-11-10,tpanggos3ichwciast
31857b449c407203749ae32dd0e7d64a,1067,2023-11-10,tpanggos3ichwciast
53adaf494dc89ef7196d73636eb2451b,1068,2023-11-10,tpanggos3ichwciast
fc2c7c47b918d0c2d792a719dfb602ef,1069,2023-11-10,tpanggos3ichwciast
dc58e3a306451c9d670adcd37004f48f,1070,2023-11-10,tpanggos3ichwciast
1b0114c51cc532ed34e1954b5b9e4b58,1071,2023-11-10,tpanggos3ichwciast
a1519de5b5d44b31a01de013b9b51a80,1072,2023-11-10,tpanggos3ichwciast
390e982518a50e280d8e2b535462ec1f,1073,2023-11-11,tpanggos3ichwciast
708f3cf8100d5e71834b1db77dfa15d6,1074,2023-11-11,tpanggos3ichwciast
46072631582fc240dd2674a7d063b040,1075,2023-11-11,tpanggos3ichwciast
8a1e808b55fde9455cb3d8857ed88389,1076,2023-11-11,tpanggos3ichwciast
062ddb6c727310e76b6200b7c71f63b5,1077,2023-11-11,tpanggos3ichwciast
522a9ae9a99880d39e5daec35375e999,1078,2023-11-11,tpanggos3ichwciast
43baa6762fa81bb43b39c62553b2970d,1079,2023-11-11,tpanggos3ichwciast
731c83db8d2ff01bdc000083fd3c3740,1080,2023-11-11,tpanggos3ichwciast
36a16a2505369e0c922b6ea7a23a56d2,1081,2023-11-11,tpanggos3ichwciast
818f4654ed39a1c147d1e51a00ffb4cb,1082,2023-11-11,tpanggos3ichwciast
e5e63da79fcd2bebbd7cb8bf1c1d0274,1083,2023-11-11,tpanggos3ichwciast
9f36407ead0629fc166f14dde7970f68,1084,2023-11-11,tpanggos3ichwciast
4f16c818875d9fcb6867c7bdc89be7eb,1085,2023-11-11,tpanggos3ichwciast
d91d1b4d82419de8a614abce9cc0e6d4,1086,2023-11-11,tpanggos3ichwciast
a26398dca6f47b49876cbaffbc9954f9,1087,2023-11-12,tpanggos3ichwciast
b1563a78ec59337587f6ab6397699afc,1088,2023-11-12,tpanggos3ichwciast
03f544613917945245041ea1581df0c2,1089,2023-11-12,tpanggos3ichwciast
8b4066554730ddfaa0266346bdc1b202,1090,2023-11-12,tpanggos3ichwciast
754dda4b1ba34c6fa89716b85d68532b,1091,2023-11-13,tpanggos3ichwciast
6a2feef8ed6a9fe76d6b3f30f02150b4,1092,2023-11-13,tpanggos3ichwciast
68b1fbe7f16e4ae3024973f12f3cb313,1093,2023-11-13,tpanggos3ichwciast
41bfd20a38bb1b0bec75acf0845530a7,1094,2023-11-13,tpanggos3ichwciast
d6723e7cd6735df68d1ce4c704c29a04,1095,2023-11-13,tpanggos3ichwciast
4e2545f819e67f0615003dd7e04a6087,1096,2023-11-13,tpanggos3ichwciast
db2b4182156b2f1f817860ac9f409ad7,1097,2023-11-13,tpanggos3ichwciast
a5e0ff62be0b08456fc7f1e88812af3d,1098,2023-11-13,tpanggos3ichwciast
a0160709701140704575d499c997b6ca,1099,2023-11-13,tpanggos3ichwciast
1e6e0a04d20f50967c64dac2d639a577,1100,2023-11-13,tpanggos3ichwciast
c6bff625bdb0393992c9d4db0c6bbe45,1101,2023-11-13,tpanggos3ichwciast
c667d53acd899a97a85de0c201ba99be,1102,2023-11-13,tpanggos3ichwciast
aace49c7d80767cffec0e513ae886df0,1103,2023-11-13,tpanggos3ichwciast
4da04049a062f5adfe81b67dd755cecc,1104,2023-11-13,tpanggos3ichwciast
af21d0c97db2e27e13572cbf59eb343d,1105,2023-11-13,tpanggos3ichwciast
c9f95a0a5af052bffce5c89917335f67,1106,2023-11-13,tpanggos3ichwciast
e58cc5ca94270acaceed13bc82dfedf7,1107,2023-11-13,tpanggos3ichwciast
b9d487a30398d42ecff55c228ed5652b,1108,2023-11-14,tpanggos3ichwciast
8f1d43620bc6bb580df6e80b0dc05c48,1109,2023-11-14,tpanggos3ichwciast
2cbca44843a864533ec05b321ae1f9d1,1110,2023-11-14,tpanggos3ichwciast
b59c67bf196a4758191e42f76670ceba,1111,2023-11-14,tpanggos3ichwciast
20d135f0f28185b84a4cf7aa51f29500,1112,2023-11-15,tpanggos3ichwciast
9c3b1830513cc3b8fc4b76635d32e692,1113,2023-11-16,tpanggos3ichwciast
d6ef5f7fa914c19931a55bb262ec879c,1114,2023-11-16,tpanggos3ichwciast
e19347e1c3ca0c0b97de5fb3b690855a,1115,2023-11-16,tpanggos3ichwciast
dd77279f7d325eec933f05b1672f6a1f,1116,2023-11-16,tpanggos3ichwciast
0eec27c419d0fe24e53c90338cdc8bc6,1117,2023-11-16,tpanggos3ichwciast
c60d060b946d6dd6145dcbad5c4ccf6f,1118,2023-11-16,tpanggos3ichwciast
8597a6cfa74defcbde3047c891d78f90,1119,2023-11-16,tpanggos3ichwciast
c6036a69be21cb660499b75718a3ef24,1120,2023-11-17,tpanggos3ichwciast
3a15c7d0bbe60300a39f76f8a5ba6896,1121,2023-11-17,tpanggos3ichwciast
3b712de48137572f3849aabd5666a4e3,1122,2023-11-17,tpanggos3ichwciast
2cfd4560539f887a5e420412b370b361,1123,2023-11-17,tpanggos3ichwciast
c7635bfd99248a2cdef8249ef7bfbef4,1124,2023-11-17,tpanggos3ichwciast
c21002f464c5fc5bee3b98ced83963b8,1125,2023-11-17,tpanggos3ichwciast
ffeed84c7cb1ae7bf4ec4bd78275bb98,1126,2023-11-17,tpanggos3ichwciast
678a1491514b7f1006d605e9161946b1,1127,2023-11-17,tpanggos3ichwciast
3fe78a8acf5fda99de95303940a2420c,1128,2023-11-17,tpanggos3ichwciast
69a5b5995110b36a9a347898d97a610e,1129,2023-11-17,tpanggos3ichwciast
4a213d37242bdcad8e7300e202e7caa4,1130,2023-11-17,tpanggos3ichwciast
fe709c654eac84d5239d1a12a4f71877,1131,2023-11-17,tpanggos3ichwciast
571e0f7e2d992e738adff8b1bd43a521,1132,2023-11-17,tpanggos3ichwciast
fd06b8ea02fe5b1c2496fe1700e9d16c,1133,2023-11-17,tpanggos3ichwciast
7c9d0b1f96aebd7b5eca8c3edaa19ebb,1134,2023-11-17,tpanggos3ichwciast
fd2c5e4680d9a01dba3aada5ece22270,1135,2023-11-17,tpanggos3ichwciast
47a658229eb2368a99f1d032c8848542,1136,2023-11-17,tpanggos3ichwciast
801c14f07f9724229175b8ef8b4585a8,1137,2023-11-17,tpanggos3ichwciast
c3e0c62ee91db8dc7382bde7419bb573,1138,2023-11-18,tpanggos3ichwciast
184260348236f9554fe9375772ff966e,1139,2023-11-19,tpanggos3ichwciast
8248a99e81e752cb9b41da3fc43fbe7f,1140,2023-11-19,tpanggos3ichwciast
f7f580e11d00a75814d2ded41fe8e8fe,1141,2023-11-19,tpanggos3ichwciast
8ce6790cc6a94e65f17f908f462fae85,1142,2023-11-19,tpanggos3ichwciast
208e43f0e45c4c78cafadb83d2888cb6,1143,2023-11-19,tpanggos3ichwciast
4588e674d3f0faf985047d4c3f13ed0d,1144,2023-11-20,tpanggos3ichwciast
feab05aa91085b7a8012516bc3533958,1145,2023-11-21,tpanggos3ichwciast
8a3363abe792db2d8761d6403605aeb7,1146,2023-11-21,tpanggos3ichwciast
a1d50185e7426cbb0acad1e6ca74b9aa,1147,2023-11-21,tpanggos3ichwciast
df0aab058ce179e4f7ab135ed4e641a9,1148,2023-11-21,tpanggos3ichwciast
09c6c3783b4a70054da74f2538ed47c6,1149,2023-11-21,tpanggos3ichwciast
2b38c2df6a49b97f706ec9148ce48d86,1150,2023-11-21,tpanggos3ichwciast
f197002b9a0853eca5e046d9ca4663d5,1151,2023-11-22,tpanggos3ichwciast
45f31d16b1058d586fc3be7207b58053,1152,2023-11-22,tpanggos3ichwciast
55b1927fdafef39c48e5b73b5d61ea60,1153,2023-11-22,tpanggos3ichwciast
e8b1cbd05f6e6a358a81dee52493dd06,1154,2023-11-23,tpanggos3ichwciast
285f89b802bcb2651801455c86d78f2a,1155,2023-11-23,tpanggos3ichwciast
e22312179bf43e61576081a2f250f845,1156,2023-11-23,tpanggos3ichwciast
a8240cb8235e9c493a0c30607586166c,1157,2023-11-23,tpanggos3ichwciast
0c048b3a434e49e655c1247efb389cec,1158,2023-11-23,tpanggos3ichwciast
16e6a3326dd7d868cbc926602a61e4d0,1159,2023-11-23,tpanggos3ichwciast
884d79963bd8bc0ae9b13a1aa71add73,1160,2023-11-24,tpanggos3ichwciast
38ca89564b2259401518960f7a06f94b,1161,2023-11-24,tpanggos3ichwciast
abea47ba24142ed16b7d8fbf2c740e0d,1162,2023-11-24,tpanggos3ichwciast
6e7d2da6d3953058db75714ac400b584,1163,2023-11-24,tpanggos3ichwciast
00e26af6ac3b1c1c49d7c3d79c60d000,1164,2023-11-24,tpanggos3ichwciast
a3fb4fbf9a6f9cf09166aa9c20cbc1ad,1165,2023-11-24,tpanggos3ichwciast
0f2c9a93eea6f38fabb3acb1c31488c6,1166,2023-11-24,tpanggos3ichwciast
9da187a7a191431db943a9a5a6fec6f4,1167,2023-11-24,tpanggos3ichwciast
2f29b6e3abc6ebdefb55456ea6ca5dc8,1168,2023-11-24,tpanggos3ichwciast
1e1d184167ca7676cf665225e236a3d2,1169,2023-11-24,tpanggos3ichwciast
3eb71f6293a2a31f3569e10af6552658,1170,2023-11-24,tpanggos3ichwciast
a113c1ecd3cace2237256f4c712f61b5,1171,2023-11-24,tpanggos3ichwciast
36a1694bce9815b7e38a9dad05ad42e0,1172,2023-11-24,tpanggos3ichwciast
0a0a0c8aaa00ade50f74a3f0ca981ed7,1173,2023-11-24,tpanggos3ichwciast
3473decccb0509fb264818a7512a8b9b,1174,2023-11-24,tpanggos3ichwciast
1896a3bf730516dd643ba67b4c447d36,1175,2023-11-24,tpanggos3ichwciast
a7d8ae4569120b5bec12e7b6e9648b86,1176,2023-11-24,tpanggos3ichwciast
83f97f4825290be4cb794ec6a234595f,1177,2023-11-24,tpanggos3ichwciast
7d771e0e8f3633ab54856925ecdefc5d,1178,2023-11-24,tpanggos3ichwciast
dabd8d2ce74e782c65a973ef76fd540b,1179,2023-11-25,tpanggos3ichwciast
6eb6e75fddec0218351dc5c0c8464104,1180,2023-11-25,tpanggos3ichwciast
2ac2406e835bd49c70469acae337d292,1181,2023-11-25,tpanggos3ichwciast
f47330643ae134ca204bf6b2481fec47,1182,2023-11-25,tpanggos3ichwciast
0e095e054ee94774d6a496099eb1cf6a,1183,2023-11-25,tpanggos3ichwciast
97af4fb322bb5c8973ade16764156bed,1184,2023-11-25,tpanggos3ichwciast
5680522b8e2bb01943234bce7bf84534,1185,2023-11-25,tpanggos3ichwciast
2b6d65b9a9445c4271ab9076ead5605a,1186,2023-11-25,tpanggos3ichwciast
4f284803bd0966cc24fa8683a34afc6e,1187,2023-11-25,tpanggos3ichwciast
c44e503833b64e9f27197a484f4257c0,1188,2023-11-26,tpanggos3ichwciast
82c2559140b95ccda9c6ca4a8b981f1e,1189,2023-11-26,tpanggos3ichwciast
160c88652d47d0be60bfbfed25111412,1190,2023-11-26,tpanggos3ichwciast
b20bb95ab626d93fd976af958fbc61ba,1191,2023-11-26,tpanggos3ichwciast
52292e0c763fd027c6eba6b8f494d2eb,1192,2023-11-26,tpanggos3ichwciast
9a3d458322d70046f63dfd8b0153ece4,1193,2023-11-26,tpanggos3ichwciast
a42a596fc71e17828440030074d15e74,1194,2023-11-26,tpanggos3ichwciast
0188e8b8b014829e2fa0f430f0a95961,1195,2023-11-26,tpanggos3ichwciast
9adeb82fffb5444e81fa0ce8ad8afe7a,1196,2023-11-26,tpanggos3ichwciast
ae5e3ce40e0404a45ecacaaf05e5f735,1197,2023-11-26,tpanggos3ichwciast
c54e7837e0cd0ced286cb5995327d1ab,1198,2023-11-26,tpanggos3ichwciast
4d2e7bd33c475784381a64e43e50922f,1199,2023-11-26,tpanggos3ichwciast
fe2d010308a6b3799a3d9c728ee74244,1200,2023-11-26,tpanggos3ichwciast
7501e5d4da87ac39d782741cd794002d,1201,2023-11-26,tpanggos3ichwciast
147702db07145348245dc5a2f2fe5683,1202,2023-11-26,tpanggos3ichwciast
491442df5f88c6aa018e86dac21d3606,1203,2023-11-26,tpanggos3ichwciast
fb2fcd534b0ff3bbed73cc51df620323,1204,2023-11-26,tpanggos3ichwciast
b571ecea16a9824023ee1af16897a582,1205,2023-11-27,tpanggos3ichwciast
144a3f71a03ab7c4f46f9656608efdb2,1206,2023-11-27,tpanggos3ichwciast
4e4e53aa080247bc31d0eb4e7aeb07a0,1207,2023-11-27,tpanggos3ichwciast
a58149d355f02887dfbe55ebb2b64ba3,1208,2023-11-27,tpanggos3ichwciast
7e7e69ea3384874304911625ac34321c,1209,2023-11-27,tpanggos3ichwciast
f7cade80b7cc92b991cf4d2806d6bd78,1210,2023-11-27,tpanggos3ichwciast
285ab9448d2751ee57ece7f762c39095,1211,2023-11-27,tpanggos3ichwciast
a01610228fe998f515a72dd730294d87,1212,2023-11-27,tpanggos3ichwciast
33ceb07bf4eeb3da587e268d663aba1a,1213,2023-11-27,tpanggos3ichwciast
c8ba76c279269b1c6bc8a07e38e78fa4,1214,2023-11-28,tpanggos3ichwciast
a4d2f0d23dcc84ce983ff9157f8b7f88,1215,2023-11-28,tpanggos3ichwciast
3948ead63a9f2944218de038d8934305,1216,2023-11-28,tpanggos3ichwciast
6a61d423d02a1c56250dc23ae7ff12f3,1217,2023-11-28,tpanggos3ichwciast
3f67fd97162d20e6fe27748b5b372509,1218,2023-11-28,tpanggos3ichwciast
2715518c875999308842e3455eda2fe3,1219,2023-11-28,tpanggos3ichwciast
b24d516bb65a5a58079f0f3526c87c57,1220,2023-11-28,tpanggos3ichwciast
1d72310edc006dadf2190caad5802983,1221,2023-11-28,tpanggos3ichwciast
3a029f04d76d32e79367c4b3255dda4d,1222,2023-11-28,tpanggos3ichwciast
43cca4b3de2097b9558efefd0ecc3588,1223,2023-11-28,tpanggos3ichwciast
68d13cf26c4b4f4f932e3eff990093ba,1224,2023-11-28,tpanggos3ichwciast
25df35de87aa441b88f22a6c2a830a17,1225,2023-11-28,tpanggos3ichwciast
3210ddbeaa16948a702b6049b8d9a202,1226,2023-11-28,tpanggos3ichwciast
c4851e8e264415c4094e4e85b0baa7cc,1227,2023-11-29,tpanggos3ichwciast
eb86d510361fc23b59f18c1bc9802cc6,1228,2023-11-29,tpanggos3ichwciast
310ce61c90f3a46e340ee8257bc70e93,1229,2023-11-29,tpanggos3ichwciast
4122cb13c7a474c1976c9706ae36521d,1230,2023-11-29,tpanggos3ichwciast
6c14da109e294d1e8155be8aa4b1ce8e,1231,2023-11-29,tpanggos3ichwciast
e53a0a2978c28872a4505bdb51db06dc,1232,2023-11-29,tpanggos3ichwciast
e034fb6b66aacc1d48f445ddfb08da98,1233,2023-11-29,tpanggos3ichwciast
81dc9bdb52d04dc20036dbd8313ed055,1234,2023-11-29,tpanggos3ichwciast
9996535e07258a7bbfd8b132435c5962,1235,2023-11-29,tpanggos3ichwciast
7bccfde7714a1ebadf06c5f4cea752c1,1236,2023-11-29,tpanggos3ichwciast
a9eb812238f753132652ae09963a05e9,1237,2023-11-29,tpanggos3ichwciast
d38901788c533e8286cb6400b40b386d,1238,2023-11-29,tpanggos3ichwciast
b3ba8f1bee1238a2f37603d90b58898d,1239,2023-11-29,tpanggos3ichwciast
a9078e8653368c9c291ae2f8b74012e7,1240,2023-11-29,tpanggos3ichwciast
1c65cef3dfd1e00c0b03923a1c591db4,1241,2023-11-30,tpanggos3ichwciast
2de5d16682c3c35007e4e92982f1a2ba,1242,2023-11-30,tpanggos3ichwciast
e1d5be1c7f2f456670de3d53c7b54f4a,1243,2023-11-30,tpanggos3ichwciast
2c89109d42178de8a367c0228f169bf8,1244,2023-11-30,tpanggos3ichwciast
5eac43aceba42c8757b54003a58277b5,1245,2023-11-30,tpanggos3ichwciast
905056c1ac1dad141560467e0a99e1cf,1246,2023-11-30,tpanggos3ichwciast
e6d8545daa42d5ced125a4bf747b3688,1247,2023-11-30,tpanggos3ichwciast
39e4973ba3321b80f37d9b55f63ed8b8,1248,2023-11-30,tpanggos3ichwciast
2ba8698b79439589fdd2b0f7218d8b07,1249,2023-11-30,tpanggos3ichwciast
81e5f81db77c596492e6f1a5a792ed53,1250,2023-12-01,tpanggos3ichwciast
838e8afb1ca34354ac209f53d90c3a43,1251,2023-12-02,tpanggos3ichwciast
a284df1155ec3e67286080500df36a9a,1252,2023-12-02,tpanggos3ichwciast
b495ce63ede0f4efc9eec62cb947c162,1253,2023-12-02,tpanggos3ichwciast
884ce4bb65d328ecb03c598409e2b168,1254,2023-12-02,tpanggos3ichwciast
3bf55bbad370a8fcad1d09b005e278c2,1255,2023-12-02,tpanggos3ichwciast
e3251075554389fe91d17a794861d47b,1256,2023-12-02,tpanggos3ichwciast
cd758e8f59dfdf06a852adad277986ca,1257,2023-12-02,tpanggos3ichwciast
26588e932c7ccfa1df309280702fe1b5,1258,2023-12-02,tpanggos3ichwciast
68a83eeb494a308fe5295da69428a507,1259,2023-12-02,tpanggos3ichwciast
f4573fc71c731d5c362f0d7860945b88,1260,2023-12-02,tpanggos3ichwciast
17326d10d511828f6b34fa6d751739e2,1261,2023-12-02,tpanggos3ichwciast
dc4c44f624d600aa568390f1f1104aa0,1262,2023-12-02,tpanggos3ichwciast
7eb3c8be3d411e8ebfab08eba5f49632,1263,2023-12-02,tpanggos3ichwciast
6c8dba7d0df1c4a79dd07646be9a26c8,1264,2023-12-02,tpanggos3ichwciast
0ce2ffd21fc958d9ef0ee9ba5336e357,1265,2023-12-02,tpanggos3ichwciast
8e2cfdc275761edc592f73a076197c33,1266,2023-12-02,tpanggos3ichwciast
b51a15f382ac914391a58850ab343b00,1267,2023-12-02,tpanggos3ichwciast
193002e668758ea9762904da1a22337c,1268,2023-12-02,tpanggos3ichwciast
e00406144c1e7e35240afed70f34166a,1269,2023-12-02,tpanggos3ichwciast
c850371fda6892fbfd1c5a5b457e5777,1270,2023-12-03,tpanggos3ichwciast
c1e39d912d21c91dce811d6da9929ae8,1271,2023-12-03,tpanggos3ichwciast
7810ccd41bf26faaa2c4e1f20db70a71,1272,2023-12-03,tpanggos3ichwciast
f91e24dfe80012e2a7984afa4480a6d6,1273,2023-12-03,tpanggos3ichwciast
e702e51da2c0f5be4dd354bb3e295d37,1274,2023-12-03,tpanggos3ichwciast
bb04af0f7ecaee4aae62035497da1387,1275,2023-12-03,tpanggos3ichwciast
fb60d411a5c5b72b2e7d3527cfc84fd0,1276,2023-12-03,tpanggos3ichwciast
d759175de8ea5b1d9a2660e45554894f,1277,2023-12-03,tpanggos3ichwciast
ab1a4d0dd4d48a2ba1077c4494791306,1278,2023-12-04,tpanggos3ichwciast
995665640dc319973d3173a74a03860c,1279,2023-12-04,tpanggos3ichwciast
da11e8cd1811acb79ccf0fd62cd58f86,1280,2023-12-04,tpanggos3ichwciast
d94e18a8adb4cc0f623f7a83b1ac75b4,1281,2023-12-04,tpanggos3ichwciast
1cecc7a77928ca8133fa24680a88d2f9,1282,2023-12-04,tpanggos3ichwciast
018b59ce1fd616d874afad0f44ba338d,1283,2023-12-04,tpanggos3ichwciast
242c100dc94f871b6d7215b868a875f8,1284,2023-12-04,tpanggos3ichwciast
944bdd9636749a0801c39b6e449dbedc,1285,2023-12-04,tpanggos3ichwciast
c0a271bc0ecb776a094786474322cb82,1286,2023-12-04,tpanggos3ichwciast
4079016d940210b4ae9ae7d41c4a2065,1287,2023-12-04,tpanggos3ichwciast
0e9fa1f3e9e66792401a6972d477dcc3,1288,2023-12-05,tpanggos3ichwciast
0829424ffa0d3a2547b6c9622c77de03,1289,2023-12-05,tpanggos3ichwciast
70222949cc0db89ab32c9969754d4758,1290,2023-12-05,tpanggos3ichwciast
71f6278d140af599e06ad9bf1ba03cb0,1291,2023-12-05,tpanggos3ichwciast
459a4ddcb586f24efd9395aa7662bc7c,1292,2023-12-05,tpanggos3ichwciast
7c82fab8c8f89124e2ce92984e04fb40,1293,2023-12-05,tpanggos3ichwciast
84438b7aae55a0638073ef798e50b4ef,1294,2023-12-05,tpanggos3ichwciast
dc87c13749315c7217cdc4ac692e704c,1295,2023-12-05,tpanggos3ichwciast
2812e5cf6d8f21d69c91dddeefb792a7,1296,2023-12-06,tpanggos3ichwciast
286674e3082feb7e5afb92777e48821f,1297,2023-12-06,tpanggos3ichwciast
a51fb975227d6640e4fe47854476d133,1298,2023-12-06,tpanggos3ichwciast
a0833c8a1817526ac555f8d67727caf6,1299,2023-12-06,tpanggos3ichwciast
6f3e29a35278d71c7f65495871231324,1300,2023-12-06,tpanggos3ichwciast
2df45244f09369e16ea3f9117ca45157,1301,2023-12-06,tpanggos3ichwciast
996009f2374006606f4c0b0fda878af1,1302,2023-12-06,tpanggos3ichwciast
d282ef263719ab842e05382dc235f69e,1303,2023-12-06,tpanggos3ichwciast
5caf41d62364d5b41a893adc1a9dd5d4,1304,2023-12-06,tpanggos3ichwciast
fd5c905bcd8c3348ad1b35d7231ee2b1,1305,2023-12-06,tpanggos3ichwciast
7940ab47468396569a906f75ff3f20ef,1306,2023-12-06,tpanggos3ichwciast
f93882cbd8fc7fb794c1011d63be6fb6,1307,2023-12-06,tpanggos3ichwciast
a0872cc5b5ca4cc25076f3d868e1bdf8,1308,2023-12-06,tpanggos3ichwciast
4476b929e30dd0c4e8bdbcc82c6ba23a,1309,2023-12-06,tpanggos3ichwciast
535ab76633d94208236a2e829ea6d888,1310,2023-12-06,tpanggos3ichwciast
7bb060764a818184ebb1cc0d43d382aa,1311,2023-12-06,tpanggos3ichwciast
f29b38f160f87ae86df31cee1982066f,1312,2023-12-06,tpanggos3ichwciast
f09696910bdd874a99cd74c8f05b5c44,1313,2023-12-06,tpanggos3ichwciast
50905d7b2216bfeccb5b41016357176b,1314,2023-12-07,tpanggos3ichwciast
dfd7468ac613286cdbb40872c8ef3b06,1315,2023-12-07,tpanggos3ichwciast
f3f1b7fc5a8779a9e618e1f23a7b7860,1316,2023-12-08,tpanggos3ichwciast
93fb9d4b16aa750c7475b6d601c35c2c,1317,2023-12-08,tpanggos3ichwciast
76cf99d3614e23eabab16fb27e944bf9,1318,2023-12-08,tpanggos3ichwciast
1ee3dfcd8a0645a25a35977997223d22,1319,2023-12-08,tpanggos3ichwciast
2a50e9c2d6b89b95bcb416d6857f8b45,1320,2023-12-08,tpanggos3ichwciast
f9be311e65d81a9ad8150a60844bb94c,1321,2023-12-08,tpanggos3ichwciast
dc960c46c38bd16e953d97cdeefdbc68,1322,2023-12-08,tpanggos3ichwciast
4671aeaf49c792689533b00664a5c3ef,1323,2023-12-08,tpanggos3ichwciast
bb7946e7d85c81a9e69fee1cea4a087c,1324,2023-12-08,tpanggos3ichwciast
3546ab441e56fa333f8b44b610d95691,1325,2023-12-08,tpanggos3ichwciast
c70daf247944fe3add32218f914c75a6,1326,2023-12-08,tpanggos3ichwciast
17fafe5f6ce2f1904eb09d2e80a4cbf6,1327,2023-12-08,tpanggos3ichwciast
4c22bd444899d3b6047a10b20a2f26db,1328,2023-12-08,tpanggos3ichwciast
01e9565cecc4e989123f9620c1d09c09,1329,2023-12-08,tpanggos3ichwciast
fe51510c80bfd6e5d78a164cd5b1f688,1330,2023-12-08,tpanggos3ichwciast
e077e1a544eec4f0307cf5c3c721d944,1331,2023-12-08,tpanggos3ichwciast
28e209b61a52482a0ae1cb9f5959c792,1332,2023-12-08,tpanggos3ichwciast
ff49cc40a8890e6a60f40ff3026d2730,1333,2023-12-09,tpanggos3ichwciast
8edd72158ccd2a879f79cb2538568fdc,1334,2023-12-09,tpanggos3ichwciast
9cb67ffb59554ab1dabb65bcb370ddd9,1335,2023-12-09,tpanggos3ichwciast
3d779cae2d46cf6a8a99a35ba4167977,1336,2023-12-09,tpanggos3ichwciast
e48e13207341b6bffb7fb1622282247b,1337,2023-12-09,tpanggos3ichwciast
05311655a15b75fab86956663e1819cd,1338,2023-12-09,tpanggos3ichwciast
d10ec7c16cbe9de8fbb1c42787c3ec26,1339,2023-12-09,tpanggos3ichwciast
4f87658ef0de194413056248a00ce009,1340,2023-12-09,tpanggos3ichwciast
33ebd5b07dc7e407752fe773eed20635,1341,2023-12-09,tpanggos3ichwciast
5e1b18c4c6a6d31695acbae3fd70ecc6,1342,2023-12-09,tpanggos3ichwciast
674bfc5f6b72706fb769f5e93667bd23,1343,2023-12-09,tpanggos3ichwciast
a50abba8132a77191791390c3eb19fe7,1344,2023-12-10,tpanggos3ichwciast
86109d400f0ed29e840b47ed72777c84,1345,2023-12-10,tpanggos3ichwciast
82965d4ed8150294d4330ace00821d77,1346,2023-12-10,tpanggos3ichwciast
0e55666a4ad822e0e34299df3591d979,1347,2023-12-10,tpanggos3ichwciast
c73dfe6c630edb4c1692db67c510f65c,1348,2023-12-10,tpanggos3ichwciast
bcc0d400288793e8bdcd7c19a8ac0c2b,1349,2023-12-10,tpanggos3ichwciast
861dc9bd7f4e7dd3cccd534d0ae2a2e9,1350,2023-12-10,tpanggos3ichwciast
3e313b9badf12632cdae5452d20e1af6,1351,2023-12-10,tpanggos3ichwciast
8b0dc65f996f98fd178a9defd0efa077,1352,2023-12-10,tpanggos3ichwciast
ee8374ec4e4ad797d42350c904d73077,1353,2023-12-10,tpanggos3ichwciast
af4732711661056eadbf798ba191272a,1354,2023-12-10,tpanggos3ichwciast
b8c27b7a1c450ffdacb31483454e0b54,1355,2023-12-10,tpanggos3ichwciast
980ecd059122ce2e50136bda65c25e07,1356,2023-12-10,tpanggos3ichwciast
c26820b8a4c1b3c2aa868d6d57e14a79,1357,2023-12-10,tpanggos3ichwciast
83adc9225e4deb67d7ce42d58fe5157c,1358,2023-12-10,tpanggos3ichwciast
8d3369c4c086f236fabf61d614a32818,1359,2023-12-10,tpanggos3ichwciast
fb508ef074ee78a0e58c68be06d8a2eb,1360,2023-12-10,tpanggos3ichwciast
cf9a242b70f45317ffd281241fa66502,1361,2023-12-11,tpanggos3ichwciast
a9be4c2a4041cadbf9d61ae16dd1389e,1362,2023-12-11,tpanggos3ichwciast
9683cc5f89562ea48e72bb321d9f03fb,1363,2023-12-11,tpanggos3ichwciast
effc299a1addb07e7089f9b269c31f2f,1364,2023-12-11,tpanggos3ichwciast
cf1f78fe923afe05f7597da2be7a3da8,1365,2023-12-11,tpanggos3ichwciast
6a5889bb0190d0211a991f47bb19a777,1366,2023-12-11,tpanggos3ichwciast
a223c6b3710f85df22e9377d6c4f7553,1367,2023-12-11,tpanggos3ichwciast
6c1da886822c67822bcf3679d04369fa,1368,2023-12-11,tpanggos3ichwciast
0e3a37aa85a14e359df74fa77eded3f6,1369,2023-12-11,tpanggos3ichwciast
d1ee59e20ad01cedc15f5118a7626099,1370,2023-12-11,tpanggos3ichwciast
81ca0262c82e712e50c580c032d99b60,1371,2023-12-11,tpanggos3ichwciast
f3bd5ad57c8389a8a1a541a76be463bf,1372,2023-12-11,tpanggos3ichwciast
e56b06c51e1049195d7b26d043c478a0,1373,2023-12-12,tpanggos3ichwciast
792c7b5aae4a79e78aaeda80516ae2ac,1374,2023-12-13,tpanggos3ichwciast
70feb62b69f16e0238f741fab228fec2,1375,2023-12-13,tpanggos3ichwciast
79a49b3e3762632813f9e35f4ba53d6c,1376,2023-12-13,tpanggos3ichwciast
f52378e14237225a6f6c7d802dc6abbd,1377,2023-12-13,tpanggos3ichwciast
8d9a0adb7c204239c9635426f35c9522,1378,2023-12-13,tpanggos3ichwciast
bad5f33780c42f2588878a9d07405083,1379,2023-12-13,tpanggos3ichwciast
ea8fcd92d59581717e06eb187f10666d,1380,2023-12-13,tpanggos3ichwciast
d82118376df344b0010f53909b961db3,1381,2023-12-13,tpanggos3ichwciast
4e0d67e54ad6626e957d15b08ae128a6,1382,2023-12-13,tpanggos3ichwciast
cd0dce8fca267bf1fb86cf43e18d5598,1383,2023-12-13,tpanggos3ichwciast
5ca3e9b122f61f8f06494c97b1afccf3,1384,2023-12-13,tpanggos3ichwciast
86e8f7ab32cfd12577bc2619bc635690,1385,2023-12-13,tpanggos3ichwciast
363763e5c3dc3a68b399058c34aecf2c,1386,2023-12-13,tpanggos3ichwciast
4fa7c62536118cc404dec4a0ca88d4f6,1387,2023-12-13,tpanggos3ichwciast
0c0a7566915f4f24853fc4192689aa7e,1388,2023-12-13,tpanggos3ichwciast
2bd7f907b7f5b6bbd91822c0c7b835f6,1389,2023-12-14,tpanggos3ichwciast
359f38463d487e9e29bd20e24f0c050a,1390,2023-12-14,tpanggos3ichwciast
7f53f8c6c730af6aeb52e66eb74d8507,1391,2023-12-14,tpanggos3ichwciast
c0826819636026dd1f3674774f06c51d,1392,2023-12-15,tpanggos3ichwciast
ad3019b856147c17e82a5bead782d2a8,1393,2023-12-15,tpanggos3ichwciast
f016e59c7ad8b1d72903bb1aa5720d53,1394,2023-12-15,tpanggos3ichwciast
14d9e8007c9b41f57891c48e07c23f57,1395,2023-12-15,tpanggos3ichwciast
0966289037ad9846c5e994be2a91bafa,1396,2023-12-15,tpanggos3ichwciast
215a71a12769b056c3c32e7299f1c5ed,1397,2023-12-15,tpanggos3ichwciast
d9731321ef4e063ebbee79298fa36f56,1398,2023-12-15,tpanggos3ichwciast
602d1305678a8d5fdb372271e980da6a,1399,2023-12-15,tpanggos3ichwciast
f0dd4a99fba6075a9494772b58f95280,1400,2023-12-15,tpanggos3ichwciast
9701a1c165dd9420816bfec5edd6c2b1,1401,2023-12-15,tpanggos3ichwciast
28fc2782ea7ef51c1104ccf7b9bea13d,1402,2023-12-15,tpanggos3ichwciast
4edaa105d5f53590338791951e38c3ad,1403,2023-12-15,tpanggos3ichwciast
186a157b2992e7daed3677ce8e9fe40f,1404,2023-12-15,tpanggos3ichwciast
3de2334a314a7a72721f1f74a6cb4cee,1405,2023-12-16,tpanggos3ichwciast
b7087c1f4f89e63af8d46f3b20271153,1406,2023-12-16,tpanggos3ichwciast
46771d1f432b42343f56f791422a4991,1407,2023-12-16,tpanggos3ichwciast
