hub_purchase_key,purchase_id,hub_load_dts,hub_rec_src
c4ca4238a0b923820dcc509a6f75849b,1,2023-10-18,akjhgaekfh12478sb
c81e728d9d4c2f636f067f89cc14862c,2,2023-10-18,akjhgaekfh12478sb
eccbc87e4b5ce2fe28308fd9f2a7baf3,3,2023-10-18,akjhgaekfh12478sb
a87ff679a2f3e71d9181a67b7542122c,4,2023-10-18,akjhgaekfh12478sb
e4da3b7fbbce2345d7772b0674a318d5,5,2023-10-19,akjhgaekfh12478sb
1679091c5a880faf6fb5e6087eb1b2dc,6,2023-10-19,akjhgaekfh12478sb
8f14e45fceea167a5a36dedd4bea2543,7,2023-10-19,akjhgaekfh12478sb
c9f0f895fb98ab9159f51fd0297e236d,8,2023-10-19,akjhgaekfh12478sb
45c48cce2e2d7fbdea1afc51c7c6ad26,9,2023-10-19,akjhgaekfh12478sb
d3d9446802a44259755d38e6d163e820,10,2023-10-19,akjhgaekfh12478sb
6512bd43d9caa6e02c990b0a82652dca,11,2023-10-19,akjhgaekfh12478sb
c20ad4d76fe97759aa27a0c99bff6710,12,2023-10-19,akjhgaekfh12478sb
c51ce410c124a10e0db5e4b97fc2af39,13,2023-10-19,akjhgaekfh12478sb
aab3238922bcc25a6f606eb525ffdc56,14,2023-10-19,akjhgaekfh12478sb
9bf31c7ff062936a96d3c8bd1f8f2ff3,15,2023-10-19,akjhgaekfh12478sb
c74d97b01eae257e44aa9d5bade97baf,16,2023-10-19,akjhgaekfh12478sb
70efdf2ec9b086079795c442636b55fb,17,2023-10-19,akjhgaekfh12478sb
6f4922f45568161a8cdf4ad2299f6d23,18,2023-10-20,akjhgaekfh12478sb
1f0e3dad99908345f7439f8ffabdffc4,19,2023-10-20,akjhgaekfh12478sb
98f13708210194c475687be6106a3b84,20,2023-10-20,akjhgaekfh12478sb
3c59dc048e8850243be8079a5c74d079,21,2023-10-20,akjhgaekfh12478sb
b6d767d2f8ed5d21a44b0e5886680cb9,22,2023-10-20,akjhgaekfh12478sb
37693cfc748049e45d87b8c7d8b9aacd,23,2023-10-20,akjhgaekfh12478sb
1ff1de774005f8da13f42943881c655f,24,2023-10-20,akjhgaekfh12478sb
8e296a067a37563370ded05f5a3bf3ec,25,2023-10-20,akjhgaekfh12478sb
4e732ced3463d06de0ca9a15b6153677,26,2023-10-20,akjhgaekfh12478sb
02e74f10e0327ad868d138f2b4fdd6f0,27,2023-10-20,akjhgaekfh12478sb
33e75ff09dd601bbe69f351039152189,28,2023-10-20,akjhgaekfh12478sb
6ea9ab1baa0efb9e19094440c317e21b,29,2023-10-20,akjhgaekfh12478sb
34173cb38f07f89ddbebc2ac9128303f,30,2023-10-20,akjhgaekfh12478sb
c16a5320fa475530d9583c34fd356ef5,31,2023-10-21,akjhgaekfh12478sb
6364d3f0f495b6ab9dcf8d3b5c6e0b01,32,2023-10-21,akjhgaekfh12478sb
182be0c5cdcd5072bb1864cdee4d3d6e,33,2023-10-21,akjhgaekfh12478sb
e369853df766fa44e1ed0ff613f563bd,34,2023-10-21,akjhgaekfh12478sb
1c383cd30b7c298ab50293adfecb7b18,35,2023-10-21,akjhgaekfh12478sb
19ca14e7ea6328a42e0eb13d585e4c22,36,2023-10-21,akjhgaekfh12478sb
a5bfc9e07964f8dddeb95fc584cd965d,37,2023-10-21,akjhgaekfh12478sb
a5771bce93e200c36f7cd9dfd0e5deaa,38,2023-10-21,akjhgaekfh12478sb
d67d8ab4f4c10bf22aa353e27879133c,39,2023-10-21,akjhgaekfh12478sb
d645920e395fedad7bbbed0eca3fe2e0,40,2023-10-21,akjhgaekfh12478sb
3416a75f4cea9109507cacd8e2f2aefc,41,2023-10-21,akjhgaekfh12478sb
a1d0c6e83f027327d8461063f4ac58a6,42,2023-10-21,akjhgaekfh12478sb
17e62166fc8586dfa4d1bc0e1742c08b,43,2023-10-22,akjhgaekfh12478sb
f7177163c833dff4b38fc8d2872f1ec6,44,2023-10-22,akjhgaekfh12478sb
6c8349cc7260ae62e3b1396831a8398f,45,2023-10-22,akjhgaekfh12478sb
d9d4f495e875a2e075a1a4a6e1b9770f,46,2023-10-22,akjhgaekfh12478sb
67c6a1e7ce56d3d6fa748ab6d9af3fd7,47,2023-10-22,akjhgaekfh12478sb
642e92efb79421734881b53e1e1b18b6,48,2023-10-22,akjhgaekfh12478sb
f457c545a9ded88f18ecee47145a72c0,49,2023-10-22,akjhgaekfh12478sb
c0c7c76d30bd3dcaefc96f40275bdc0a,50,2023-10-22,akjhgaekfh12478sb
2838023a778dfaecdc212708f721b788,51,2023-10-22,akjhgaekfh12478sb
9a1158154dfa42caddbd0694a4e9bdc8,52,2023-10-22,akjhgaekfh12478sb
d82c8d1619ad8176d665453cfb2e55f0,53,2023-10-22,akjhgaekfh12478sb
a684eceee76fc522773286a895bc8436,54,2023-10-22,akjhgaekfh12478sb
b53b3a3d6ab90ce0268229151c9bde11,55,2023-10-22,akjhgaekfh12478sb
9f61408e3afb633e50cdf1b20de6f466,56,2023-10-22,akjhgaekfh12478sb
72b32a1f754ba1c09b3695e0cb6cde7f,57,2023-10-22,akjhgaekfh12478sb
66f041e16a60928b05a7e228a89c3799,58,2023-10-22,akjhgaekfh12478sb
093f65e080a295f8076b1c5722a46aa2,59,2023-10-23,akjhgaekfh12478sb
072b030ba126b2f4b2374f342be9ed44,60,2023-10-23,akjhgaekfh12478sb
7f39f8317fbdb1988ef4c628eba02591,61,2023-10-23,akjhgaekfh12478sb
44f683a84163b3523afe57c2e008bc8c,62,2023-10-23,akjhgaekfh12478sb
03afdbd66e7929b125f8597834fa83a4,63,2023-10-24,akjhgaekfh12478sb
ea5d2f1c4608232e07d3aa3d998e5135,64,2023-10-24,akjhgaekfh12478sb
fc490ca45c00b1249bbe3554a4fdf6fb,65,2023-10-24,akjhgaekfh12478sb
3295c76acbf4caaed33c36b1b5fc2cb1,66,2023-10-25,akjhgaekfh12478sb
735b90b4568125ed6c3f678819b6e058,67,2023-10-25,akjhgaekfh12478sb
a3f390d88e4c41f2747bfa2f1b5f87db,68,2023-10-25,akjhgaekfh12478sb
14bfa6bb14875e45bba028a21ed38046,69,2023-10-25,akjhgaekfh12478sb
7cbbc409ec990f19c78c75bd1e06f215,70,2023-10-25,akjhgaekfh12478sb
e2c420d928d4bf8ce0ff2ec19b371514,71,2023-10-25,akjhgaekfh12478sb
32bb90e8976aab5298d5da10fe66f21d,72,2023-10-25,akjhgaekfh12478sb
d2ddea18f00665ce8623e36bd4e3c7c5,73,2023-10-25,akjhgaekfh12478sb
ad61ab143223efbc24c7d2583be69251,74,2023-10-25,akjhgaekfh12478sb
d09bf41544a3365a46c9077ebb5e35c3,75,2023-10-25,akjhgaekfh12478sb
fbd7939d674997cdb4692d34de8633c4,76,2023-10-25,akjhgaekfh12478sb
28dd2c7955ce926456240b2ff0100bde,77,2023-10-25,akjhgaekfh12478sb
35f4a8d465e6e1edc05f3d8ab658c551,78,2023-10-25,akjhgaekfh12478sb
d1fe173d08e959397adf34b1d77e88d7,79,2023-10-25,akjhgaekfh12478sb
f033ab37c30201f73f142449d037028d,80,2023-10-25,akjhgaekfh12478sb
43ec517d68b6edd3015b3edc9a11367b,81,2023-10-26,akjhgaekfh12478sb
9778d5d219c5080b9a6a17bef029331c,82,2023-10-26,akjhgaekfh12478sb
fe9fc289c3ff0af142b6d3bead98a923,83,2023-10-26,akjhgaekfh12478sb
68d30a9594728bc39aa24be94b319d21,84,2023-10-26,akjhgaekfh12478sb
3ef815416f775098fe977004015c6193,85,2023-10-26,akjhgaekfh12478sb
93db85ed909c13838ff95ccfa94cebd9,86,2023-10-26,akjhgaekfh12478sb
c7e1249ffc03eb9ded908c236bd1996d,87,2023-10-26,akjhgaekfh12478sb
2a38a4a9316c49e5a833517c45d31070,88,2023-10-26,akjhgaekfh12478sb
7647966b7343c29048673252e490f736,89,2023-10-26,akjhgaekfh12478sb
8613985ec49eb8f757ae6439e879bb2a,90,2023-10-26,akjhgaekfh12478sb
54229abfcfa5649e7003b83dd4755294,91,2023-10-27,akjhgaekfh12478sb
92cc227532d17e56e07902b254dfad10,92,2023-10-27,akjhgaekfh12478sb
98dce83da57b0395e163467c9dae521b,93,2023-10-27,akjhgaekfh12478sb
f4b9ec30ad9f68f89b29639786cb62ef,94,2023-10-27,akjhgaekfh12478sb
812b4ba287f5ee0bc9d43bbf5bbe87fb,95,2023-10-27,akjhgaekfh12478sb
26657d5ff9020d2abefe558796b99584,96,2023-10-27,akjhgaekfh12478sb
e2ef524fbf3d9fe611d5a8e90fefdc9c,97,2023-10-27,akjhgaekfh12478sb
ed3d2c21991e3bef5e069713af9fa6ca,98,2023-10-27,akjhgaekfh12478sb
ac627ab1ccbdb62ec96e702f07f6425b,99,2023-10-27,akjhgaekfh12478sb
f899139df5e1059396431415e770c6dd,100,2023-10-27,akjhgaekfh12478sb
38b3eff8baf56627478ec76a704e9b52,101,2023-10-27,akjhgaekfh12478sb
ec8956637a99787bd197eacd77acce5e,102,2023-10-27,akjhgaekfh12478sb
6974ce5ac660610b44d9b9fed0ff9548,103,2023-10-27,akjhgaekfh12478sb
c9e1074f5b3f9fc8ea15d152add07294,104,2023-10-27,akjhgaekfh12478sb
65b9eea6e1cc6bb9f0cd2a47751a186f,105,2023-10-28,akjhgaekfh12478sb
f0935e4cd5920aa6c7c996a5ee53a70f,106,2023-10-28,akjhgaekfh12478sb
a97da629b098b75c294dffdc3e463904,107,2023-10-29,akjhgaekfh12478sb
a3c65c2974270fd093ee8a9bf8ae7d0b,108,2023-10-29,akjhgaekfh12478sb
2723d092b63885e0d7c260cc007e8b9d,109,2023-10-29,akjhgaekfh12478sb
5f93f983524def3dca464469d2cf9f3e,110,2023-10-29,akjhgaekfh12478sb
698d51a19d8a121ce581499d7b701668,111,2023-10-29,akjhgaekfh12478sb
7f6ffaa6bb0b408017b62254211691b5,112,2023-10-29,akjhgaekfh12478sb
73278a4a86960eeb576a8fd4c9ec6997,113,2023-10-29,akjhgaekfh12478sb
5fd0b37cd7dbbb00f97ba6ce92bf5add,114,2023-10-29,akjhgaekfh12478sb
2b44928ae11fb9384c4cf38708677c48,115,2023-10-29,akjhgaekfh12478sb
c45147dee729311ef5b5c3003946c48f,116,2023-10-30,akjhgaekfh12478sb
eb160de1de89d9058fcb0b968dbbbd68,117,2023-10-30,akjhgaekfh12478sb
5ef059938ba799aaa845e1c2e8a762bd,118,2023-10-30,akjhgaekfh12478sb
07e1cd7dca89a1678042477183b7ac3f,119,2023-10-30,akjhgaekfh12478sb
da4fb5c6e93e74d3df8527599fa62642,120,2023-10-30,akjhgaekfh12478sb
4c56ff4ce4aaf9573aa5dff913df997a,121,2023-10-30,akjhgaekfh12478sb
a0a080f42e6f13b3a2df133f073095dd,122,2023-10-30,akjhgaekfh12478sb
202cb962ac59075b964b07152d234b70,123,2023-10-30,akjhgaekfh12478sb
c8ffe9a587b126f152ed3d89a146b445,124,2023-10-30,akjhgaekfh12478sb
3def184ad8f4755ff269862ea77393dd,125,2023-10-30,akjhgaekfh12478sb
069059b7ef840f0c74a814ec9237b6ec,126,2023-10-31,akjhgaekfh12478sb
ec5decca5ed3d6b8079e2e7e7bacc9f2,127,2023-10-31,akjhgaekfh12478sb
76dc611d6ebaafc66cc0879c71b5db5c,128,2023-10-31,akjhgaekfh12478sb
d1f491a404d6854880943e5c3cd9ca25,129,2023-10-31,akjhgaekfh12478sb
9b8619251a19057cff70779273e95aa6,130,2023-10-31,akjhgaekfh12478sb
1afa34a7f984eeabdbb0a7d494132ee5,131,2023-10-31,akjhgaekfh12478sb
65ded5353c5ee48d0b7d48c591b8f430,132,2023-11-01,akjhgaekfh12478sb
9fc3d7152ba9336a670e36d0ed79bc43,133,2023-11-01,akjhgaekfh12478sb
02522a2b2726fb0a03bb19f2d8d9524d,134,2023-11-01,akjhgaekfh12478sb
7f1de29e6da19d22b51c68001e7e0e54,135,2023-11-01,akjhgaekfh12478sb
42a0e188f5033bc65bf8d78622277c4e,136,2023-11-01,akjhgaekfh12478sb
3988c7f88ebcb58c6ce932b957b6f332,137,2023-11-01,akjhgaekfh12478sb
013d407166ec4fa56eb1e1f8cbe183b9,138,2023-11-01,akjhgaekfh12478sb
e00da03b685a0dd18fb6a08af0923de0,139,2023-11-01,akjhgaekfh12478sb
1385974ed5904a438616ff7bdb3f7439,140,2023-11-01,akjhgaekfh12478sb
0f28b5d49b3020afeecd95b4009adf4c,141,2023-11-01,akjhgaekfh12478sb
a8baa56554f96369ab93e4f3bb068c22,142,2023-11-01,akjhgaekfh12478sb
903ce9225fca3e988c2af215d4e544d3,143,2023-11-01,akjhgaekfh12478sb
0a09c8844ba8f0936c20bd791130d6b6,144,2023-11-01,akjhgaekfh12478sb
2b24d495052a8ce66358eb576b8912c8,145,2023-11-01,akjhgaekfh12478sb
a5e00132373a7031000fd987a3c9f87b,146,2023-11-01,akjhgaekfh12478sb
8d5e957f297893487bd98fa830fa6413,147,2023-11-01,akjhgaekfh12478sb
47d1e990583c9c67424d369f3414728e,148,2023-11-02,akjhgaekfh12478sb
f2217062e9a397a1dca429e7d70bc6ca,149,2023-11-02,akjhgaekfh12478sb
7ef605fc8dba5425d6965fbd4c8fbe1f,150,2023-11-02,akjhgaekfh12478sb
a8f15eda80c50adb0e71943adc8015cf,151,2023-11-02,akjhgaekfh12478sb
37a749d808e46495a8da1e5352d03cae,152,2023-11-02,akjhgaekfh12478sb
b3e3e393c77e35a4a3f3cbd1e429b5dc,153,2023-11-02,akjhgaekfh12478sb
1d7f7abc18fcb43975065399b0d1e48e,154,2023-11-02,akjhgaekfh12478sb
2a79ea27c279e471f4d180b08d62b00a,155,2023-11-02,akjhgaekfh12478sb
1c9ac0159c94d8d0cbedc973445af2da,156,2023-11-02,akjhgaekfh12478sb
6c4b761a28b734fe93831e3fb400ce87,157,2023-11-02,akjhgaekfh12478sb
06409663226af2f3114485aa4e0a23b4,158,2023-11-02,akjhgaekfh12478sb
140f6969d5213fd0ece03148e62e461e,159,2023-11-02,akjhgaekfh12478sb
b73ce398c39f506af761d2277d853a92,160,2023-11-02,akjhgaekfh12478sb
bd4c9ab730f5513206b999ec0d90d1fb,161,2023-11-03,akjhgaekfh12478sb
82aa4b0af34c2313a562076992e50aa3,162,2023-11-03,akjhgaekfh12478sb
0777d5c17d4066b82ab86dff8a46af6f,163,2023-11-03,akjhgaekfh12478sb
fa7cdfad1a5aaf8370ebeda47a1ff1c3,164,2023-11-03,akjhgaekfh12478sb
9766527f2b5d3e95d4a733fcfb77bd7e,165,2023-11-04,akjhgaekfh12478sb
7e7757b1e12abcb736ab9a754ffb617a,166,2023-11-04,akjhgaekfh12478sb
5878a7ab84fb43402106c575658472fa,167,2023-11-04,akjhgaekfh12478sb
006f52e9102a8d3be2fe5614f42ba989,168,2023-11-04,akjhgaekfh12478sb
3636638817772e42b59d74cff571fbb3,169,2023-11-04,akjhgaekfh12478sb
149e9677a5989fd342ae44213df68868,170,2023-11-04,akjhgaekfh12478sb
a4a042cf4fd6bfb47701cbc8a1653ada,171,2023-11-04,akjhgaekfh12478sb
1ff8a7b5dc7a7d1f0ed65aaa29c04b1e,172,2023-11-04,akjhgaekfh12478sb
f7e6c85504ce6e82442c770f7c8606f0,173,2023-11-04,akjhgaekfh12478sb
bf8229696f7a3bb4700cfddef19fa23f,174,2023-11-04,akjhgaekfh12478sb
82161242827b703e6acf9c726942a1e4,175,2023-11-04,akjhgaekfh12478sb
38af86134b65d0f10fe33d30dd76442e,176,2023-11-04,akjhgaekfh12478sb
96da2f590cd7246bbde0051047b0d6f7,177,2023-11-04,akjhgaekfh12478sb
8f85517967795eeef66c225f7883bdcb,178,2023-11-05,akjhgaekfh12478sb
8f53295a73878494e9bc8dd6c3c7104f,179,2023-11-05,akjhgaekfh12478sb
045117b0e0a11a242b9765e79cbf113f,180,2023-11-05,akjhgaekfh12478sb
fc221309746013ac554571fbd180e1c8,181,2023-11-05,akjhgaekfh12478sb
4c5bde74a8f110656874902f07378009,182,2023-11-05,akjhgaekfh12478sb
cedebb6e872f539bef8c3f919874e9d7,183,2023-11-05,akjhgaekfh12478sb
6cdd60ea0045eb7a6ec44c54d29ed402,184,2023-11-05,akjhgaekfh12478sb
eecca5b6365d9607ee5a9d336962c534,185,2023-11-05,akjhgaekfh12478sb
9872ed9fc22fc182d371c3e9ed316094,186,2023-11-05,akjhgaekfh12478sb
31fefc0e570cb3860f2a6d4b38c6490d,187,2023-11-05,akjhgaekfh12478sb
9dcb88e0137649590b755372b040afad,188,2023-11-05,akjhgaekfh12478sb
a2557a7b2e94197ff767970b67041697,189,2023-11-06,akjhgaekfh12478sb
cfecdb276f634854f3ef915e2e980c31,190,2023-11-06,akjhgaekfh12478sb
0aa1883c6411f7873cb83dacb17b0afc,191,2023-11-06,akjhgaekfh12478sb
58a2fc6ed39fd083f55d4182bf88826d,192,2023-11-06,akjhgaekfh12478sb
bd686fd640be98efaae0091fa301e613,193,2023-11-06,akjhgaekfh12478sb
a597e50502f5ff68e3e25b9114205d4a,194,2023-11-06,akjhgaekfh12478sb
0336dcbab05b9d5ad24f4333c7658a0e,195,2023-11-06,akjhgaekfh12478sb
084b6fbb10729ed4da8c3d3f5a3ae7c9,196,2023-11-06,akjhgaekfh12478sb
85d8ce590ad8981ca2c8286f79f59954,197,2023-11-06,akjhgaekfh12478sb
0e65972dce68dad4d52d063967f0a705,198,2023-11-06,akjhgaekfh12478sb
84d9ee44e457ddef7f2c4f25dc8fa865,199,2023-11-06,akjhgaekfh12478sb
3644a684f98ea8fe223c713b77189a77,200,2023-11-06,akjhgaekfh12478sb
757b505cfd34c64c85ca5b5690ee5293,201,2023-11-07,akjhgaekfh12478sb
854d6fae5ee42911677c739ee1734486,202,2023-11-07,akjhgaekfh12478sb
e2c0be24560d78c5e599c2a9c9d0bbd2,203,2023-11-07,akjhgaekfh12478sb
274ad4786c3abca69fa097b85867d9a4,204,2023-11-07,akjhgaekfh12478sb
eae27d77ca20db309e056e3d2dcd7d69,205,2023-11-07,akjhgaekfh12478sb
7eabe3a1649ffa2b3ff8c02ebfd5659f,206,2023-11-07,akjhgaekfh12478sb
69adc1e107f7f7d035d7baf04342e1ca,207,2023-11-07,akjhgaekfh12478sb
091d584fced301b442654dd8c23b3fc9,208,2023-11-07,akjhgaekfh12478sb
b1d10e7bafa4421218a51b1e1f1b0ba2,209,2023-11-07,akjhgaekfh12478sb
6f3ef77ac0e3619e98159e9b6febf557,210,2023-11-07,akjhgaekfh12478sb
eb163727917cbba1eea208541a643e74,211,2023-11-07,akjhgaekfh12478sb
1534b76d325a8f591b52d302e7181331,212,2023-11-07,akjhgaekfh12478sb
979d472a84804b9f647bc185a877a8b5,213,2023-11-07,akjhgaekfh12478sb
ca46c1b9512a7a8315fa3c5a946e8265,214,2023-11-07,akjhgaekfh12478sb
3b8a614226a953a8cd9526fca6fe9ba5,215,2023-11-07,akjhgaekfh12478sb
45fbc6d3e05ebd93369ce542e8f2322d,216,2023-11-08,akjhgaekfh12478sb
63dc7ed1010d3c3b8269faf0ba7491d4,217,2023-11-08,akjhgaekfh12478sb
e96ed478dab8595a7dbda4cbcbee168f,218,2023-11-08,akjhgaekfh12478sb
c0e190d8267e36708f955d7ab048990d,219,2023-11-08,akjhgaekfh12478sb
ec8ce6abb3e952a85b8551ba726a1227,220,2023-11-08,akjhgaekfh12478sb
060ad92489947d410d897474079c1477,221,2023-11-08,akjhgaekfh12478sb
bcbe3365e6ac95ea2c0343a2395834dd,222,2023-11-08,akjhgaekfh12478sb
115f89503138416a242f40fb7d7f338e,223,2023-11-08,akjhgaekfh12478sb
13fe9d84310e77f13a6d184dbf1232f3,224,2023-11-08,akjhgaekfh12478sb
d1c38a09acc34845c6be3a127a5aacaf,225,2023-11-09,akjhgaekfh12478sb
9cfdf10e8fc047a44b08ed031e1f0ed1,226,2023-11-10,akjhgaekfh12478sb
705f2172834666788607efbfca35afb3,227,2023-11-10,akjhgaekfh12478sb
74db120f0a8e5646ef5a30154e9f6deb,228,2023-11-10,akjhgaekfh12478sb
57aeee35c98205091e18d1140e9f38cf,229,2023-11-10,akjhgaekfh12478sb
6da9003b743b65f4c0ccd295cc484e57,230,2023-11-10,akjhgaekfh12478sb
9b04d152845ec0a378394003c96da594,231,2023-11-10,akjhgaekfh12478sb
be83ab3ecd0db773eb2dc1b0a17836a1,232,2023-11-10,akjhgaekfh12478sb
e165421110ba03099a1c0393373c5b43,233,2023-11-10,akjhgaekfh12478sb
289dff07669d7a23de0ef88d2f7129e7,234,2023-11-10,akjhgaekfh12478sb
577ef1154f3240ad5b9b413aa7346a1e,235,2023-11-10,akjhgaekfh12478sb
01161aaa0b6d1345dd8fe4e481144d84,236,2023-11-10,akjhgaekfh12478sb
539fd53b59e3bb12d203f45a912eeaf2,237,2023-11-11,akjhgaekfh12478sb
ac1dd209cbcc5e5d1c6e28598e8cbbe8,238,2023-11-11,akjhgaekfh12478sb
555d6702c950ecb729a966504af0a635,239,2023-11-11,akjhgaekfh12478sb
335f5352088d7d9bf74191e006d8e24c,240,2023-11-11,akjhgaekfh12478sb
f340f1b1f65b6df5b5e3f94d95b11daf,241,2023-11-11,akjhgaekfh12478sb
e4a6222cdb5b34375400904f03d8e6a5,242,2023-11-11,akjhgaekfh12478sb
cb70ab375662576bd1ac5aaf16b3fca4,243,2023-11-11,akjhgaekfh12478sb
9188905e74c28e489b44e954ec0b9bca,244,2023-11-11,akjhgaekfh12478sb
0266e33d3f546cb5436a10798e657d97,245,2023-11-11,akjhgaekfh12478sb
38db3aed920cf82ab059bfccbd02be6a,246,2023-11-11,akjhgaekfh12478sb
3cec07e9ba5f5bb252d13f5f431e4bbb,247,2023-11-11,akjhgaekfh12478sb
621bf66ddb7c962aa0d22ac97d69b793,248,2023-11-11,akjhgaekfh12478sb
077e29b11be80ab57e1a2ecabb7da330,249,2023-11-11,akjhgaekfh12478sb
6c9882bbac1c7093bd25041881277658,250,2023-11-11,akjhgaekfh12478sb
19f3cd308f1455b3fa09a282e0d496f4,251,2023-11-12,akjhgaekfh12478sb
03c6b06952c750899bb03d998e631860,252,2023-11-12,akjhgaekfh12478sb
c24cd76e1ce41366a4bbe8a49b02a028,253,2023-11-12,akjhgaekfh12478sb
c52f1bd66cc19d05628bd8bf27af3ad6,254,2023-11-12,akjhgaekfh12478sb
fe131d7f5a6b38b23cc967316c13dae2,255,2023-11-13,akjhgaekfh12478sb
f718499c1c8cef6730f9fd03c8125cab,256,2023-11-13,akjhgaekfh12478sb
d96409bf894217686ba124d7356686c9,257,2023-11-13,akjhgaekfh12478sb
502e4a16930e414107ee22b6198c578f,258,2023-11-13,akjhgaekfh12478sb
cfa0860e83a4c3a763a7e62d825349f7,259,2023-11-13,akjhgaekfh12478sb
a4f23670e1833f3fdb077ca70bbd5d66,260,2023-11-13,akjhgaekfh12478sb
b1a59b315fc9a3002ce38bbe070ec3f5,261,2023-11-13,akjhgaekfh12478sb
36660e59856b4de58a219bcf4e27eba3,262,2023-11-13,akjhgaekfh12478sb
8c19f571e251e61cb8dd3612f26d5ecf,263,2023-11-13,akjhgaekfh12478sb
d6baf65e0b240ce177cf70da146c8dc8,264,2023-11-13,akjhgaekfh12478sb
e56954b4f6347e897f954495eab16a88,265,2023-11-13,akjhgaekfh12478sb
f7664060cc52bc6f3d620bcedc94a4b6,266,2023-11-13,akjhgaekfh12478sb
eda80a3d5b344bc40f3bc04f65b7a357,267,2023-11-13,akjhgaekfh12478sb
8f121ce07d74717e0b1f21d122e04521,268,2023-11-13,akjhgaekfh12478sb
06138bc5af6023646ede0e1f7c1eac75,269,2023-11-13,akjhgaekfh12478sb
39059724f73a9969845dfe4146c5660e,270,2023-11-13,akjhgaekfh12478sb
7f100b7b36092fb9b06dfb4fac360931,271,2023-11-13,akjhgaekfh12478sb
7a614fd06c325499f1680b9896beedeb,272,2023-11-14,akjhgaekfh12478sb
4734ba6f3de83d861c3176a6273cac6d,273,2023-11-14,akjhgaekfh12478sb
d947bf06a885db0d477d707121934ff8,274,2023-11-14,akjhgaekfh12478sb
63923f49e5241343aa7acb6a06a751e7,275,2023-11-14,akjhgaekfh12478sb
db8e1af0cb3aca1ae2d0018624204529,276,2023-11-15,akjhgaekfh12478sb
20f07591c6fcb220ffe637cda29bb3f6,277,2023-11-16,akjhgaekfh12478sb
07cdfd23373b17c6b337251c22b7ea57,278,2023-11-16,akjhgaekfh12478sb
d395771085aab05244a4fb8fd91bf4ee,279,2023-11-16,akjhgaekfh12478sb
92c8c96e4c37100777c7190b76d28233,280,2023-11-16,akjhgaekfh12478sb
e3796ae838835da0b6f6ea37bcf8bcb7,281,2023-11-16,akjhgaekfh12478sb
6a9aeddfc689c1d0e3b9ccc3ab651bc5,282,2023-11-16,akjhgaekfh12478sb
0f49c89d1e7298bb9930789c8ed59d48,283,2023-11-16,akjhgaekfh12478sb
46ba9f2a6976570b0353203ec4474217,284,2023-11-17,akjhgaekfh12478sb
0e01938fc48a2cfb5f2217fbfb00722d,285,2023-11-17,akjhgaekfh12478sb
16a5cdae362b8d27a1d8f8c7b78b4330,286,2023-11-17,akjhgaekfh12478sb
918317b57931b6b7a7d29490fe5ec9f9,287,2023-11-17,akjhgaekfh12478sb
48aedb8880cab8c45637abc7493ecddd,288,2023-11-17,akjhgaekfh12478sb
839ab46820b524afda05122893c2fe8e,289,2023-11-17,akjhgaekfh12478sb
f90f2aca5c640289d0a29417bcb63a37,290,2023-11-17,akjhgaekfh12478sb
9c838d2e45b2ad1094d42f4ef36764f6,291,2023-11-17,akjhgaekfh12478sb
1700002963a49da13542e0726b7bb758,292,2023-11-17,akjhgaekfh12478sb
53c3bce66e43be4f209556518c2fcb54,293,2023-11-17,akjhgaekfh12478sb
6883966fd8f918a4aa29be29d2c386fb,294,2023-11-17,akjhgaekfh12478sb
49182f81e6a13cf5eaa496d51fea6406,295,2023-11-17,akjhgaekfh12478sb
d296c101daa88a51f6ca8cfc1ac79b50,296,2023-11-17,akjhgaekfh12478sb
9fd81843ad7f202f26c1a174c7357585,297,2023-11-17,akjhgaekfh12478sb
26e359e83860db1d11b6acca57d8ea88,298,2023-11-17,akjhgaekfh12478sb
ef0d3930a7b6c95bd2b32ed45989c61f,299,2023-11-17,akjhgaekfh12478sb
94f6d7e04a4d452035300f18b984988c,300,2023-11-17,akjhgaekfh12478sb
34ed066df378efacc9b924ec161e7639,301,2023-11-17,akjhgaekfh12478sb
577bcc914f9e55d5e4e4f82f9f00e7d4,302,2023-11-18,akjhgaekfh12478sb
11b9842e0a271ff252c1903e7132cd68,303,2023-11-19,akjhgaekfh12478sb
37bc2f75bf1bcfe8450a1a41c200364c,304,2023-11-19,akjhgaekfh12478sb
496e05e1aea0a9c4655800e8a7b9ea28,305,2023-11-19,akjhgaekfh12478sb
b2eb7349035754953b57a32e2841bda5,306,2023-11-19,akjhgaekfh12478sb
8e98d81f8217304975ccb23337bb5761,307,2023-11-19,akjhgaekfh12478sb
a8c88a0055f636e4a163a5e3d16adab7,308,2023-11-20,akjhgaekfh12478sb
eddea82ad2755b24c4e168c5fc2ebd40,309,2023-11-21,akjhgaekfh12478sb
06eb61b839a0cefee4967c67ccb099dc,310,2023-11-21,akjhgaekfh12478sb
9dfcd5e558dfa04aaf37f137a1d9d3e5,311,2023-11-21,akjhgaekfh12478sb
950a4152c2b4aa3ad78bdd6b366cc179,312,2023-11-21,akjhgaekfh12478sb
158f3069a435b314a80bdcb024f8e422,313,2023-11-21,akjhgaekfh12478sb
758874998f5bd0c393da094e1967a72b,314,2023-11-21,akjhgaekfh12478sb
ad13a2a07ca4b7642959dc0c4c740ab6,315,2023-11-22,akjhgaekfh12478sb
3fe94a002317b5f9259f82690aeea4cd,316,2023-11-22,akjhgaekfh12478sb
5b8add2a5d98b1a652ea7fd72d942dac,317,2023-11-22,akjhgaekfh12478sb
432aca3a1e345e339f35a30c8f65edce,318,2023-11-23,akjhgaekfh12478sb
8d3bba7425e7c98c50f52ca1b52d3735,319,2023-11-23,akjhgaekfh12478sb
320722549d1751cf3f247855f937b982,320,2023-11-23,akjhgaekfh12478sb
caf1a3dfb505ffed0d024130f58c5cfa,321,2023-11-23,akjhgaekfh12478sb
5737c6ec2e0716f3d8a7a5c4e0de0d9a,322,2023-11-23,akjhgaekfh12478sb
bc6dc48b743dc5d013b1abaebd2faed2,323,2023-11-23,akjhgaekfh12478sb
f2fc990265c712c49d51a18a32b39f0c,324,2023-11-24,akjhgaekfh12478sb
89f0fd5c927d466d6ec9a21b9ac34ffa,325,2023-11-24,akjhgaekfh12478sb
a666587afda6e89aec274a3657558a27,326,2023-11-24,akjhgaekfh12478sb
b83aac23b9528732c23cc7352950e880,327,2023-11-24,akjhgaekfh12478sb
cd00692c3bfe59267d5ecfac5310286c,328,2023-11-24,akjhgaekfh12478sb
6faa8040da20ef399b63a72d0e4ab575,329,2023-11-24,akjhgaekfh12478sb
fe73f687e5bc5280214e0486b273a5f9,330,2023-11-24,akjhgaekfh12478sb
6da37dd3139aa4d9aa55b8d237ec5d4a,331,2023-11-24,akjhgaekfh12478sb
c042f4db68f23406c6cecf84a7ebb0fe,332,2023-11-24,akjhgaekfh12478sb
310dcbbf4cce62f762a2aaa148d556bd,333,2023-11-24,akjhgaekfh12478sb
2f2b265625d76a6704b08093c652fd79,334,2023-11-24,akjhgaekfh12478sb
f9b902fc3289af4dd08de5d1de54f68f,335,2023-11-24,akjhgaekfh12478sb
6855456e2fe46a9d49d3d3af4f57443d,336,2023-11-24,akjhgaekfh12478sb
357a6fdf7642bf815a88822c447d9dc4,337,2023-11-24,akjhgaekfh12478sb
819f46e52c25763a55cc642422644317,338,2023-11-24,akjhgaekfh12478sb
04025959b191f8f9de3f924f0940515f,339,2023-11-24,akjhgaekfh12478sb
40008b9a5380fcacce3976bf7c08af5b,340,2023-11-24,akjhgaekfh12478sb
3dd48ab31d016ffcbf3314df2b3cb9ce,341,2023-11-24,akjhgaekfh12478sb
58238e9ae2dd305d79c2ebc8c1883422,342,2023-11-24,akjhgaekfh12478sb
3ad7c2ebb96fcba7cda0cf54a2e802f5,343,2023-11-25,akjhgaekfh12478sb
b3967a0e938dc2a6340e258630febd5a,344,2023-11-25,akjhgaekfh12478sb
d81f9c1be2e08964bf9f24b15f0e4900,345,2023-11-25,akjhgaekfh12478sb
13f9896df61279c928f19721878fac41,346,2023-11-25,akjhgaekfh12478sb
c5ff2543b53f4cc0ad3819a36752467b,347,2023-11-25,akjhgaekfh12478sb
01386bd6d8e091c2ab4c7c7de644d37b,348,2023-11-25,akjhgaekfh12478sb
0bb4aec1710521c12ee76289d9440817,349,2023-11-25,akjhgaekfh12478sb
9de6d14fff9806d4bcd1ef555be766cd,350,2023-11-25,akjhgaekfh12478sb
efe937780e95574250dabe07151bdc23,351,2023-11-25,akjhgaekfh12478sb
371bce7dc83817b7893bcdeed13799b5,352,2023-11-26,akjhgaekfh12478sb
138bb0696595b338afbab333c555292a,353,2023-11-26,akjhgaekfh12478sb
8dd48d6a2e2cad213179a3992c0be53c,354,2023-11-26,akjhgaekfh12478sb
82cec96096d4281b7c95cd7e74623496,355,2023-11-26,akjhgaekfh12478sb
6c524f9d5d7027454a783c841250ba71,356,2023-11-26,akjhgaekfh12478sb
fb7b9ffa5462084c5f4e7e85a093e6d7,357,2023-11-26,akjhgaekfh12478sb
aa942ab2bfa6ebda4840e7360ce6e7ef,358,2023-11-26,akjhgaekfh12478sb
c058f544c737782deacefa532d9add4c,359,2023-11-26,akjhgaekfh12478sb
e7b24b112a44fdd9ee93bdf998c6ca0e,360,2023-11-26,akjhgaekfh12478sb
52720e003547c70561bf5e03b95aa99f,361,2023-11-26,akjhgaekfh12478sb
c3e878e27f52e2a57ace4d9a76fd9acf,362,2023-11-26,akjhgaekfh12478sb
00411460f7c92d2124a67ea0f4cb5f85,363,2023-11-26,akjhgaekfh12478sb
bac9162b47c56fc8a4d2a519803d51b3,364,2023-11-26,akjhgaekfh12478sb
9be40cee5b0eee1462c82c6964087ff9,365,2023-11-26,akjhgaekfh12478sb
5ef698cd9fe650923ea331c15af3b160,366,2023-11-26,akjhgaekfh12478sb
05049e90fa4f5039a8cadc6acbb4b2cc,367,2023-11-26,akjhgaekfh12478sb
cf004fdc76fa1a4f25f62e0eb5261ca3,368,2023-11-26,akjhgaekfh12478sb
0c74b7f78409a4022a2c4c5a5ca3ee19,369,2023-11-27,akjhgaekfh12478sb
d709f38ef758b5066ef31b18039b8ce5,370,2023-11-27,akjhgaekfh12478sb
41f1f19176d383480afa65d325c06ed0,371,2023-11-27,akjhgaekfh12478sb
24b16fede9a67c9251d3e7c7161c83ac,372,2023-11-27,akjhgaekfh12478sb
ffd52f3c7e12435a724a8f30fddadd9c,373,2023-11-27,akjhgaekfh12478sb
ad972f10e0800b49d76fed33a21f6698,374,2023-11-27,akjhgaekfh12478sb
f61d6947467ccd3aa5af24db320235dd,375,2023-11-27,akjhgaekfh12478sb
142949df56ea8ae0be8b5306971900a4,376,2023-11-27,akjhgaekfh12478sb
d34ab169b70c9dcd35e62896010cd9ff,377,2023-11-27,akjhgaekfh12478sb
8bf1211fd4b7b94528899de0a43b9fb3,378,2023-11-28,akjhgaekfh12478sb
a02ffd91ece5e7efeb46db8f10a74059,379,2023-11-28,akjhgaekfh12478sb
bca82e41ee7b0833588399b1fcd177c7,380,2023-11-28,akjhgaekfh12478sb
00ec53c4682d36f5c4359f4ae7bd7ba1,381,2023-11-28,akjhgaekfh12478sb
4f6ffe13a5d75b2d6a3923922b3922e5,382,2023-11-28,akjhgaekfh12478sb
beed13602b9b0e6ecb5b568ff5058f07,383,2023-11-28,akjhgaekfh12478sb
0584ce565c824b7b7f50282d9a19945b,384,2023-11-28,akjhgaekfh12478sb
dc912a253d1e9ba40e2c597ed2376640,385,2023-11-28,akjhgaekfh12478sb
39461a19e9eddfb385ea76b26521ea48,386,2023-11-28,akjhgaekfh12478sb
8efb100a295c0c690931222ff4467bb8,387,2023-11-28,akjhgaekfh12478sb
d9fc5b73a8d78fad3d6dffe419384e70,388,2023-11-28,akjhgaekfh12478sb
c86a7ee3d8ef0b551ed58e354a836f2b,389,2023-11-28,akjhgaekfh12478sb
a01a0380ca3c61428c26a231f0e49a09,390,2023-11-28,akjhgaekfh12478sb
5a4b25aaed25c2ee1b74de72dc03c14e,391,2023-11-29,akjhgaekfh12478sb
f73b76ce8949fe29bf2a537cfa420e8f,392,2023-11-29,akjhgaekfh12478sb
70c639df5e30bdee440e4cdf599fec2b,393,2023-11-29,akjhgaekfh12478sb
28f0b864598a1291557bed248a998d4e,394,2023-11-29,akjhgaekfh12478sb
1543843a4723ed2ab08e18053ae6dc5b,395,2023-11-29,akjhgaekfh12478sb
f8c1f23d6a8d8d7904fc0ea8e066b3bb,396,2023-11-29,akjhgaekfh12478sb
e46de7e1bcaaced9a54f1e9d0d2f800d,397,2023-11-29,akjhgaekfh12478sb
b7b16ecf8ca53723593894116071700c,398,2023-11-29,akjhgaekfh12478sb
352fe25daf686bdb4edca223c921acea,399,2023-11-29,akjhgaekfh12478sb
18d8042386b79e2c279fd162df0205c8,400,2023-11-29,akjhgaekfh12478sb
816b112c6105b3ebd537828a39af4818,401,2023-11-29,akjhgaekfh12478sb
69cb3ea317a32c4e6143e665fdb20b14,402,2023-11-29,akjhgaekfh12478sb
bbf94b34eb32268ada57a3be5062fe7d,403,2023-11-29,akjhgaekfh12478sb
4f4adcbf8c6f66dcfc8a3282ac2bf10a,404,2023-11-29,akjhgaekfh12478sb
bbcbff5c1f1ded46c25d28119a85c6c2,405,2023-11-30,akjhgaekfh12478sb
8cb22bdd0b7ba1ab13d742e22eed8da2,406,2023-11-30,akjhgaekfh12478sb
f4f6dce2f3a0f9dada0c2b5b66452017,407,2023-11-30,akjhgaekfh12478sb
0d0fd7c6e093f7b804fa0150b875b868,408,2023-11-30,akjhgaekfh12478sb
a96b65a721e561e1e3de768ac819ffbb,409,2023-11-30,akjhgaekfh12478sb
1068c6e4c8051cfd4e9ea8072e3189e2,410,2023-11-30,akjhgaekfh12478sb
17d63b1625c816c22647a73e1482372b,411,2023-11-30,akjhgaekfh12478sb
b9228e0962a78b84f3d5d92f4faa000b,412,2023-11-30,akjhgaekfh12478sb
0deb1c54814305ca9ad266f53bc82511,413,2023-11-30,akjhgaekfh12478sb
66808e327dc79d135ba18e051673d906,414,2023-12-01,akjhgaekfh12478sb
42e7aaa88b48137a16a1acd04ed91125,415,2023-12-02,akjhgaekfh12478sb
8fe0093bb30d6f8c31474bd0764e6ac0,416,2023-12-02,akjhgaekfh12478sb
41ae36ecb9b3eee609d05b90c14222fb,417,2023-12-02,akjhgaekfh12478sb
d1f255a373a3cef72e03aa9d980c7eca,418,2023-12-02,akjhgaekfh12478sb
7eacb532570ff6858afd2723755ff790,419,2023-12-02,akjhgaekfh12478sb
b6f0479ae87d244975439c6124592772,420,2023-12-02,akjhgaekfh12478sb
e0c641195b27425bb056ac56f8953d24,421,2023-12-02,akjhgaekfh12478sb
f85454e8279be180185cac7d243c5eb3,422,2023-12-02,akjhgaekfh12478sb
faa9afea49ef2ff029a833cccc778fd0,423,2023-12-02,akjhgaekfh12478sb
3c7781a36bcd6cf08c11a970fbe0e2a6,424,2023-12-02,akjhgaekfh12478sb
25b2822c2f5a3230abfadd476e8b04c9,425,2023-12-02,akjhgaekfh12478sb
6ecbdd6ec859d284dc13885a37ce8d81,426,2023-12-02,akjhgaekfh12478sb
18997733ec258a9fcaf239cc55d53363,427,2023-12-02,akjhgaekfh12478sb
8d7d8ee069cb0cbbf816bbb65d56947e,428,2023-12-02,akjhgaekfh12478sb
75fc093c0ee742f6dddaa13fff98f104,429,2023-12-02,akjhgaekfh12478sb
f74909ace68e51891440e4da0b65a70c,430,2023-12-02,akjhgaekfh12478sb
66368270ffd51418ec58bd793f2d9b1b,431,2023-12-02,akjhgaekfh12478sb
248e844336797ec98478f85e7626de4a,432,2023-12-02,akjhgaekfh12478sb
019d385eb67632a7e958e23f24bd07d7,433,2023-12-02,akjhgaekfh12478sb
a49e9411d64ff53eccfdd09ad10a15b3,434,2023-12-03,akjhgaekfh12478sb
ddb30680a691d157187ee1cf9e896d03,435,2023-12-03,akjhgaekfh12478sb
2421fcb1263b9530df88f7f002e78ea5,436,2023-12-03,akjhgaekfh12478sb
fccb60fb512d13df5083790d64c4d5dd,437,2023-12-03,akjhgaekfh12478sb
1651cf0d2f737d7adeab84d339dbabd3,438,2023-12-03,akjhgaekfh12478sb
eed5af6add95a9a6f1252739b1ad8c24,439,2023-12-03,akjhgaekfh12478sb
a8abb4bb284b5b27aa7cb790dc20f80b,440,2023-12-03,akjhgaekfh12478sb
15d4e891d784977cacbfcbb00c48f133,441,2023-12-03,akjhgaekfh12478sb
c203d8a151612acf12457e4d67635a95,442,2023-12-04,akjhgaekfh12478sb
13f3cf8c531952d72e5847c4183e6910,443,2023-12-04,akjhgaekfh12478sb
550a141f12de6341fba65b0ad0433500,444,2023-12-04,akjhgaekfh12478sb
67f7fb873eaf29526a11a9b7ac33bfac,445,2023-12-04,akjhgaekfh12478sb
1a5b1e4daae265b790965a275b53ae50,446,2023-12-04,akjhgaekfh12478sb
9a96876e2f8f3dc4f3cf45f02c61c0c1,447,2023-12-04,akjhgaekfh12478sb
9b70e8fe62e40c570a322f1b0b659098,448,2023-12-04,akjhgaekfh12478sb
d61e4bbd6393c9111e6526ea173a7c8b,449,2023-12-04,akjhgaekfh12478sb
f5f8590cd58a54e94377e6ae2eded4d9,450,2023-12-04,akjhgaekfh12478sb
941e1aaaba585b952b62c14a3a175a61,451,2023-12-04,akjhgaekfh12478sb
9431c87f273e507e6040fcb07dcb4509,452,2023-12-05,akjhgaekfh12478sb
49ae49a23f67c759bf4fc791ba842aa2,453,2023-12-05,akjhgaekfh12478sb
e44fea3bec53bcea3b7513ccef5857ac,454,2023-12-05,akjhgaekfh12478sb
821fa74b50ba3f7cba1e6c53e8fa6845,455,2023-12-05,akjhgaekfh12478sb
250cf8b51c773f3f8dc8b4be867a9a02,456,2023-12-05,akjhgaekfh12478sb
42998cf32d552343bc8e460416382dca,457,2023-12-05,akjhgaekfh12478sb
d07e70efcfab08731a97e7b91be644de,458,2023-12-05,akjhgaekfh12478sb
7fe1f8abaad094e0b5cb1b01d712f708,459,2023-12-05,akjhgaekfh12478sb
98b297950041a42470269d56260243a1,460,2023-12-06,akjhgaekfh12478sb
0353ab4cbed5beae847a7ff6e220b5cf,461,2023-12-06,akjhgaekfh12478sb
51d92be1c60d1db1d2e5e7a07da55b26,462,2023-12-06,akjhgaekfh12478sb
428fca9bc1921c25c5121f9da7815cde,463,2023-12-06,akjhgaekfh12478sb
f1b6f2857fb6d44dd73c7041e0aa0f19,464,2023-12-06,akjhgaekfh12478sb
68ce199ec2c5517597ce0a4d89620f55,465,2023-12-06,akjhgaekfh12478sb
e836d813fd184325132fca8edcdfb40e,466,2023-12-06,akjhgaekfh12478sb
ab817c9349cf9c4f6877e1894a1faa00,467,2023-12-06,akjhgaekfh12478sb
877a9ba7a98f75b90a9d49f53f15a858,468,2023-12-06,akjhgaekfh12478sb
dc6a6489640ca02b0d42dabeb8e46bb7,469,2023-12-06,akjhgaekfh12478sb
26337353b7962f533d78c762373b3318,470,2023-12-06,akjhgaekfh12478sb
8e6b42f1644ecb1327dc03ab345e618b,471,2023-12-06,akjhgaekfh12478sb
ef575e8837d065a1683c022d2077d342,472,2023-12-06,akjhgaekfh12478sb
2050e03ca119580f74cca14cc6e97462,473,2023-12-06,akjhgaekfh12478sb
25ddc0f8c9d3e22e03d3076f98d83cb2,474,2023-12-06,akjhgaekfh12478sb
5ef0b4eba35ab2d6180b0bca7e46b6f9,475,2023-12-06,akjhgaekfh12478sb
598b3e71ec378bd83e0a727608b5db01,476,2023-12-06,akjhgaekfh12478sb
74071a673307ca7459bcf75fbd024e09,477,2023-12-06,akjhgaekfh12478sb
cfee398643cbc3dc5eefc89334cacdc1,478,2023-12-07,akjhgaekfh12478sb
d18f655c3fce66ca401d5f38b48c89af,479,2023-12-07,akjhgaekfh12478sb
6ea2ef7311b482724a9b7b0bc0dd85c6,480,2023-12-08,akjhgaekfh12478sb
9461cce28ebe3e76fb4b931c35a169b0,481,2023-12-08,akjhgaekfh12478sb
f770b62bc8f42a0b66751fe636fc6eb0,482,2023-12-08,akjhgaekfh12478sb
e1e32e235eee1f970470a3a6658dfdd5,483,2023-12-08,akjhgaekfh12478sb
eba0dc302bcd9a273f8bbb72be3a687b,484,2023-12-08,akjhgaekfh12478sb
218a0aefd1d1a4be65601cc6ddc1520e,485,2023-12-08,akjhgaekfh12478sb
7d04bbbe5494ae9d2f5a76aa1c00fa2f,486,2023-12-08,akjhgaekfh12478sb
a516a87cfcaef229b342c437fe2b95f7,487,2023-12-08,akjhgaekfh12478sb
c3c59e5f8b3e9753913f4d435b53c308,488,2023-12-08,akjhgaekfh12478sb
854d9fca60b4bd07f9bb215d59ef5561,489,2023-12-08,akjhgaekfh12478sb
c410003ef13d451727aeff9082c29a5c,490,2023-12-08,akjhgaekfh12478sb
559cb990c9dffd8675f6bc2186971dc2,491,2023-12-08,akjhgaekfh12478sb
55a7cf9c71f1c9c495413f934dd1a158,492,2023-12-08,akjhgaekfh12478sb
2f55707d4193dc27118a0f19a1985716,493,2023-12-08,akjhgaekfh12478sb
1be3bc32e6564055d5ca3e5a354acbef,494,2023-12-08,akjhgaekfh12478sb
35051070e572e47d2c26c241ab88307f,495,2023-12-08,akjhgaekfh12478sb
b534ba68236ba543ae44b22bd110a1d6,496,2023-12-08,akjhgaekfh12478sb
7380ad8a673226ae47fce7bff88e9c33,497,2023-12-09,akjhgaekfh12478sb
05f971b5ec196b8c65b75d2ef8267331,498,2023-12-09,akjhgaekfh12478sb
3cf166c6b73f030b4f67eeaeba301103,499,2023-12-09,akjhgaekfh12478sb
cee631121c2ec9232f3a2f028ad5c89b,500,2023-12-09,akjhgaekfh12478sb
5b69b9cb83065d403869739ae7f0995e,501,2023-12-09,akjhgaekfh12478sb
b5b41fac0361d157d9673ecb926af5ae,502,2023-12-09,akjhgaekfh12478sb
285e19f20beded7d215102b49d5c09a0,503,2023-12-09,akjhgaekfh12478sb
b337e84de8752b27eda3a12363109e80,504,2023-12-09,akjhgaekfh12478sb
e8c0653fea13f91bf3c48159f7c24f78,505,2023-12-09,akjhgaekfh12478sb
ff4d5fbbafdf976cfdc032e3bde78de5,506,2023-12-09,akjhgaekfh12478sb
2d6cc4b2d139a53512fb8cbb3086ae2e,507,2023-12-09,akjhgaekfh12478sb
389bc7bb1e1c2a5e7e147703232a88f6,508,2023-12-10,akjhgaekfh12478sb
e2230b853516e7b05d79744fbd4c9c13,509,2023-12-10,akjhgaekfh12478sb
087408522c31eeb1f982bc0eaf81d35f,510,2023-12-10,akjhgaekfh12478sb
a760880003e7ddedfef56acb3b09697f,511,2023-12-10,akjhgaekfh12478sb
10a7cdd970fe135cf4f7bb55c0e3b59f,512,2023-12-10,akjhgaekfh12478sb
3dc4876f3f08201c7c76cb71fa1da439,513,2023-12-10,akjhgaekfh12478sb
59b90e1005a220e2ebc542eb9d950b1e,514,2023-12-10,akjhgaekfh12478sb
2b8a61594b1f4c4db0902a8a395ced93,515,2023-12-10,akjhgaekfh12478sb
f3f27a324736617f20abbf2ffd806f6d,516,2023-12-10,akjhgaekfh12478sb
38913e1d6a7b94cb0f55994f679f5956,517,2023-12-10,akjhgaekfh12478sb
ebd9629fc3ae5e9f6611e2ee05a31cef,518,2023-12-10,akjhgaekfh12478sb
63538fe6ef330c13a05a3ed7e599d5f7,519,2023-12-10,akjhgaekfh12478sb
cf67355a3333e6e143439161adc2d82e,520,2023-12-10,akjhgaekfh12478sb
07563a3fe3bbe7e3ba84431ad9d055af,521,2023-12-10,akjhgaekfh12478sb
53fde96fcc4b4ce72d7739202324cd49,522,2023-12-10,akjhgaekfh12478sb
2bb232c0b13c774965ef8558f0fbd615,523,2023-12-10,akjhgaekfh12478sb
ba2fd310dcaa8781a9a652a31baf3c68,524,2023-12-10,akjhgaekfh12478sb
69421f032498c97020180038fddb8e24,525,2023-12-11,akjhgaekfh12478sb
85422afb467e9456013a2a51d4dff702,526,2023-12-11,akjhgaekfh12478sb
13f320e7b5ead1024ac95c3b208610db,527,2023-12-11,akjhgaekfh12478sb
f4be00279ee2e0a53eafdaa94a151e2c,528,2023-12-11,akjhgaekfh12478sb
37f0e884fbad9667e38940169d0a3c95,529,2023-12-11,akjhgaekfh12478sb
d64a340bcb633f536d56e51874281454,530,2023-12-11,akjhgaekfh12478sb
0fcbc61acd0479dc77e3cccc0f5ffca7,531,2023-12-11,akjhgaekfh12478sb
298f95e1bf9136124592c8d4825a06fc,532,2023-12-11,akjhgaekfh12478sb
df877f3865752637daa540ea9cbc474f,533,2023-12-11,akjhgaekfh12478sb
c399862d3b9d6b76c8436e924a68c45b,534,2023-12-11,akjhgaekfh12478sb
33e8075e9970de0cfea955afd4644bb2,535,2023-12-11,akjhgaekfh12478sb
65658fde58ab3c2b6e5132a39fae7cb9,536,2023-12-11,akjhgaekfh12478sb
5ea1649a31336092c05438df996a3e59,537,2023-12-12,akjhgaekfh12478sb
7bcdf75ad237b8e02e301f4091fb6bc8,538,2023-12-13,akjhgaekfh12478sb
5737034557ef5b8c02c0e46513b98f90,539,2023-12-13,akjhgaekfh12478sb
9b72e31dac81715466cd580a448cf823,540,2023-12-13,akjhgaekfh12478sb
16c222aa19898e5058938167c8ab6c57,541,2023-12-13,akjhgaekfh12478sb
7dcd340d84f762eba80aa538b0c527f7,542,2023-12-13,akjhgaekfh12478sb
81448138f5f163ccdba4acc69819f280,543,2023-12-13,akjhgaekfh12478sb
97e8527feaf77a97fc38f34216141515,544,2023-12-13,akjhgaekfh12478sb
647bba344396e7c8170902bcf2e15551,545,2023-12-13,akjhgaekfh12478sb
ed265bc903a5a097f61d3ec064d96d2e,546,2023-12-13,akjhgaekfh12478sb
c75b6f114c23a4d7ea11331e7c00e73c,547,2023-12-13,akjhgaekfh12478sb
8d34201a5b85900908db6cae92723617,548,2023-12-13,akjhgaekfh12478sb
ccb1d45fb76f7c5a0bf619f979c6cf36,549,2023-12-13,akjhgaekfh12478sb
01f78be6f7cad02658508fe4616098a9,550,2023-12-13,akjhgaekfh12478sb
7f24d240521d99071c93af3917215ef7,551,2023-12-13,akjhgaekfh12478sb
94c7bb58efc3b337800875b5d382a072,552,2023-12-13,akjhgaekfh12478sb
f387624df552cea2f369918c5e1e12bc,553,2023-12-14,akjhgaekfh12478sb
5e388103a391daabe3de1d76a6739ccd,554,2023-12-14,akjhgaekfh12478sb
15de21c670ae7c3f6f3f1f37029303c9,555,2023-12-14,akjhgaekfh12478sb
11b921ef080f7736089c757404650e40,556,2023-12-15,akjhgaekfh12478sb
6e2713a6efee97bacb63e52c54f0ada0,557,2023-12-15,akjhgaekfh12478sb
1bb91f73e9d31ea2830a5e73ce3ed328,558,2023-12-15,akjhgaekfh12478sb
3a0772443a0739141292a5429b952fe6,559,2023-12-15,akjhgaekfh12478sb
a9a6653e48976138166de32772b1bf40,560,2023-12-15,akjhgaekfh12478sb
58ae749f25eded36f486bc85feb3f0ab,561,2023-12-15,akjhgaekfh12478sb
4e4b5fbbbb602b6d35bea8460aa8f8e5,562,2023-12-15,akjhgaekfh12478sb
8eefcfdf5990e441f0fb6f3fad709e21,563,2023-12-15,akjhgaekfh12478sb
1728efbda81692282ba642aafd57be3a,564,2023-12-15,akjhgaekfh12478sb
cbcb58ac2e496207586df2854b17995f,565,2023-12-15,akjhgaekfh12478sb
db85e2590b6109813dafa101ceb2faeb,566,2023-12-15,akjhgaekfh12478sb
99c5e07b4d5de9d18c350cdf64c5aa3d,567,2023-12-15,akjhgaekfh12478sb
dd458505749b2941217ddd59394240e8,568,2023-12-15,akjhgaekfh12478sb
8b16ebc056e613024c057be590b542eb,569,2023-12-16,akjhgaekfh12478sb
a86c450b76fb8c371afead6410d55534,570,2023-12-16,akjhgaekfh12478sb
c9892a989183de32e976c6f04e700201,571,2023-12-16,akjhgaekfh12478sb
