lnk_customer_purchase_key,hub_customer_key,hub_purchase_key,lnk_load_dts,lnk_rec_src
ad71254e73417501d16b142c11c8639b,a49e9411d64ff53eccfdd09ad10a15b3,c4ca4238a0b923820dcc509a6f75849b,2023-10-18,7cc980b0f894bd0cf05c37c246f215f3
51e3cb31dae07c49957d511d5d16ba4b,cedebb6e872f539bef8c3f919874e9d7,c81e728d9d4c2f636f067f89cc14862c,2023-10-18,5a6784110c57bc99ce3532e4209a81e6
99a3eb732e3ca032a3ee67ae66155274,8f121ce07d74717e0b1f21d122e04521,eccbc87e4b5ce2fe28308fd9f2a7baf3,2023-10-18,44012e792781772d8795acf27fabed2f
b9fa1bd7d9eee1e54f884ce1ecf576f5,ed3d2c21991e3bef5e069713af9fa6ca,a87ff679a2f3e71d9181a67b7542122c,2023-10-18,81b073de9370ea873f548e31b8adc081
3b57f12cfebdabfae9f2bfa50c02d9b9,e44fea3bec53bcea3b7513ccef5857ac,e4da3b7fbbce2345d7772b0674a318d5,2023-10-19,4b97b5ad9d466de90e5d901c0557b21a
2cc1f9b0752b571fc6a405a52f07f3d4,ea5d2f1c4608232e07d3aa3d998e5135,1679091c5a880faf6fb5e6087eb1b2dc,2023-10-19,5b8add2a5d98b1a652ea7fd72d942dac
32610c9cd637809022e31a64e3aec8da,96b9bff013acedfb1d140579e2fbeb63,8f14e45fceea167a5a36dedd4bea2543,2023-10-19,c4c32f6c24ee9c91d8debbd72cce2a22
5a1e2a9961f4b42b4024dd4c860a5439,a7aeed74714116f3b292a982238f83d2,c9f0f895fb98ab9159f51fd0297e236d,2023-10-19,a62178a8e59f8331e1cb4f057cbf0a55
301bdde61da6aa13772e42d0fa80c3fe,8fecb20817b3847419bb3de39a609afe,45c48cce2e2d7fbdea1afc51c7c6ad26,2023-10-19,f1507aba9fc82ffa7cc7373c58f8a613
447f129b3f9d81c7effd504bbb239355,1700002963a49da13542e0726b7bb758,d3d9446802a44259755d38e6d163e820,2023-10-19,b20bb95ab626d93fd976af958fbc61ba
a1a3ef1aae4ff63cd020beeac73de615,7eacb532570ff6858afd2723755ff790,6512bd43d9caa6e02c990b0a82652dca,2023-10-19,219c507b38ddfc07899fc1f01ff40c44
00e968d1e9e6a75a23a40386a9672613,816b112c6105b3ebd537828a39af4818,c20ad4d76fe97759aa27a0c99bff6710,2023-10-19,2b323d6eb28422cef49b266557dd31ad
ccdb94057060b278472123dc79bcfb3c,2d6cc4b2d139a53512fb8cbb3086ae2e,c51ce410c124a10e0db5e4b97fc2af39,2023-10-19,6d9cb7de5e8ac30bd5e8734bc96a35c1
feb409e7d55761599eb35b13a48f3f0a,e94550c93cd70fe748e6982b3439ad3b,aab3238922bcc25a6f606eb525ffdc56,2023-10-19,3210ddbeaa16948a702b6049b8d9a202
88582b6817d7d4aa1bc833aa858d0ed5,d67d8ab4f4c10bf22aa353e27879133c,9bf31c7ff062936a96d3c8bd1f8f2ff3,2023-10-19,73f9ddba165b5c59c61dd64960ba8b2d
54b25e3fa660d8c26e5788599ed9d75c,e97ee2054defb209c35fe4dc94599061,c74d97b01eae257e44aa9d5bade97baf,2023-10-19,4493f5351e66c44bc87515f72d07aec2
0a1aa251897e419218d4d52d0ea7077a,e8c0653fea13f91bf3c48159f7c24f78,70efdf2ec9b086079795c442636b55fb,2023-10-19,e32c51ad39723ee92b285b362c916ca7
d4bf0b4d54a324046c3b16bf1ca03bf4,2f2b265625d76a6704b08093c652fd79,6f4922f45568161a8cdf4ad2299f6d23,2023-10-20,ea1818cbe59c23b20f1a10a8aa083a82
0024ea00d790548a9f926b791b75726f,3ef815416f775098fe977004015c6193,1f0e3dad99908345f7439f8ffabdffc4,2023-10-20,69cb3ea317a32c4e6143e665fdb20b14
c30c85afe7d3168d57bd08c36aba829c,e4da3b7fbbce2345d7772b0674a318d5,98f13708210194c475687be6106a3b84,2023-10-20,8a4488c177d9dc8c3da7c745c89ca214
21ef1b5de1bbe289856f15a54318b41f,5ef698cd9fe650923ea331c15af3b160,3c59dc048e8850243be8079a5c74d079,2023-10-20,2bd9cae0be467d9523a8489230163366
6fc5810745e3af646c5c757ae89545de,16a5cdae362b8d27a1d8f8c7b78b4330,b6d767d2f8ed5d21a44b0e5886680cb9,2023-10-20,c85b2ea9a678e74fdc8bafe5d0707c31
b31b793eb88c1f546e299a783b3aaba4,f29c21d4897f78948b91f03172341b7b,37693cfc748049e45d87b8c7d8b9aacd,2023-10-20,d93c96e6a23fff65b91b900aaa541998
aadb87a8de28ab3ac9e4621afeb0b19a,32bb90e8976aab5298d5da10fe66f21d,1ff1de774005f8da13f42943881c655f,2023-10-20,aba18772fc70c8cbf79a79f413ef102b
5350a66913b12cb993852e3db1f65408,8dd48d6a2e2cad213179a3992c0be53c,8e296a067a37563370ded05f5a3bf3ec,2023-10-20,5cf21ce30208cfffaa832c6e44bb567d
5d420fbc6bdc9d20d4586119e7f83804,3cec07e9ba5f5bb252d13f5f431e4bbb,4e732ced3463d06de0ca9a15b6153677,2023-10-20,e3a72c791a69f87b05ea7742e04430ed
31d429ba1fdfad3d5280a7ff189ca512,877a9ba7a98f75b90a9d49f53f15a858,02e74f10e0327ad868d138f2b4fdd6f0,2023-10-20,587524833eaf98eb779a387e33768c6a
a4bc1d86e2385c5149fd86f8c1580630,233509073ed3432027d48b1a83f5fbd2,33e75ff09dd601bbe69f351039152189,2023-10-20,405075699f065e43581f27d67bb68478
5bf65f6d32b8c3cff8fd9b1af57cabd5,c9f0f895fb98ab9159f51fd0297e236d,6ea9ab1baa0efb9e19094440c317e21b,2023-10-20,41bcfd9ab658ebaac1661f58080aad6b
a2da4716539873f791befc1fe97df63e,b137fdd1f79d56c7edf3365fea7520f2,34173cb38f07f89ddbebc2ac9128303f,2023-10-20,1e8c391abfde9abea82d75a2d60278d4
9d99d127aa0c28923a81efc2d8bd4918,9c82c7143c102b71c593d98d96093fde,c16a5320fa475530d9583c34fd356ef5,2023-10-21,7716d0fc31636914783865d34f6cdfd5
4cff295955063218a85c775e0c1f6fe4,7e7757b1e12abcb736ab9a754ffb617a,6364d3f0f495b6ab9dcf8d3b5c6e0b01,2023-10-21,30b4a92517ace5825f5944c8a794ad3e
e7cb29d5504ce19bb887f817d921a224,17e62166fc8586dfa4d1bc0e1742c08b,182be0c5cdcd5072bb1864cdee4d3d6e,2023-10-21,bba6bca05fecde04c682328e44b974b7
ddece06f9693535293450be2690ebcaa,0d7de1aca9299fe63f3e0041f02638a3,e369853df766fa44e1ed0ff613f563bd,2023-10-21,f16ba6f00bce15507c766cd5e8057728
d91fa135ebbe2e1a3367501cbd120f84,31fefc0e570cb3860f2a6d4b38c6490d,1c383cd30b7c298ab50293adfecb7b18,2023-10-21,b90c46963248e6d7aab1e0f429743ca0
89e5aae295eb92176aed54f0fb9bd0de,ca46c1b9512a7a8315fa3c5a946e8265,19ca14e7ea6328a42e0eb13d585e4c22,2023-10-21,069bb990aa72457c06f9a01089de7820
572f76a08a9759487f31963c3d5eb2bf,f73b76ce8949fe29bf2a537cfa420e8f,a5bfc9e07964f8dddeb95fc584cd965d,2023-10-21,6d3a1e06d6a06349436bc054313b648c
5db969e3fffacf9c5140d94a8e1096ba,7bcdf75ad237b8e02e301f4091fb6bc8,a5771bce93e200c36f7cd9dfd0e5deaa,2023-10-21,c80bcf42c220b8f5c41f85344242f1b0
1dcad3540f315e18442464cf1eb7f837,8757150decbd89b0f5442ca3db4d0e0e,d67d8ab4f4c10bf22aa353e27879133c,2023-10-21,a78e17c964d3593d89cde3fb678f6a14
63e77d350638efd71c27ceb30f2c9216,d18f655c3fce66ca401d5f38b48c89af,d645920e395fedad7bbbed0eca3fe2e0,2023-10-21,eab0141b79354969d1edd234fbc07422
5a212332cedec1e6b0441556a1e2cecd,6faa8040da20ef399b63a72d0e4ab575,3416a75f4cea9109507cacd8e2f2aefc,2023-10-21,4e0928de075538c593fbdabb0c5ef2c3
c43bdf9a6e3982b2cec57ce39f12941e,9f396fe44e7c05c16873b05ec425cbad,a1d0c6e83f027327d8461063f4ac58a6,2023-10-21,1166cfff15f5aaabfc0f3803975991ae
7a1ac1db6ffcafcdcc0d072fcd0a2734,aab3238922bcc25a6f606eb525ffdc56,17e62166fc8586dfa4d1bc0e1742c08b,2023-10-22,03fcd68e5673f08be96d2b6bb5be8261
38b324be4c7731174728a7de68f4dac2,1aa48fc4880bb0c9b8a3bf979d3b917e,f7177163c833dff4b38fc8d2872f1ec6,2023-10-22,c36b1132ac829ece87dda55d77ac06a4
4784957529bf3877038d20a64ce14a88,0777d5c17d4066b82ab86dff8a46af6f,6c8349cc7260ae62e3b1396831a8398f,2023-10-22,18903e4430783a191b0cfab439daaef8
d525857f8721fb45f3e79a9b08c66f3f,f9b902fc3289af4dd08de5d1de54f68f,d9d4f495e875a2e075a1a4a6e1b9770f,2023-10-22,37a749d808e46495a8da1e5352d03cae
62b240fc333578ca3b4980d3ef86267f,55a7cf9c71f1c9c495413f934dd1a158,67c6a1e7ce56d3d6fa748ab6d9af3fd7,2023-10-22,760abe2f7ea403a5c8ac329f72e4d42e
ecc186fad88ed7a769b465631b954327,210f760a89db30aa72ca258a3483cc7f,642e92efb79421734881b53e1e1b18b6,2023-10-22,a74c3bae3e13616104c1b25f9da1f11f
dba6cfda574a659c7e0d6c99cb5c0281,7eacb532570ff6858afd2723755ff790,f457c545a9ded88f18ecee47145a72c0,2023-10-22,c28180798c5c9bc681b3b23b2b4ce398
e31376fe25104fbcb1938d1ffabd1c0f,17c276c8e723eb46aef576537e9d56d0,c0c7c76d30bd3dcaefc96f40275bdc0a,2023-10-22,2c048d74b3410237704eb7f93a10c9d7
48769f05b22a108f2f139e997d0bcd2a,98f13708210194c475687be6106a3b84,2838023a778dfaecdc212708f721b788,2023-10-22,4042483f5c2c4015e2a6abd47aa76b6f
ddea4a14c15f5278290aeabf501659f6,b337e84de8752b27eda3a12363109e80,9a1158154dfa42caddbd0694a4e9bdc8,2023-10-22,4a3050ae2c77da4f9c90e2e58e8e520f
1104c532ee6e34ae49326c9624868f59,f8c1f23d6a8d8d7904fc0ea8e066b3bb,d82c8d1619ad8176d665453cfb2e55f0,2023-10-22,c6969ae30d99f73951cb976b88a457af
cd6f30fb15e05b5a489a6db411924015,cfecdb276f634854f3ef915e2e980c31,a684eceee76fc522773286a895bc8436,2023-10-22,2f10c1578a0706e06b6d7db6f0b4a6af
f24cb712e86a557e262176088a53e114,d09bf41544a3365a46c9077ebb5e35c3,b53b3a3d6ab90ce0268229151c9bde11,2023-10-22,4f05d4821fe9967817dea5a20c4e7b35
7a54b0cb43cd7cb9c369aa5603b3a3c0,0a09c8844ba8f0936c20bd791130d6b6,9f61408e3afb633e50cdf1b20de6f466,2023-10-22,63dc7ed1010d3c3b8269faf0ba7491d4
6548fa4915c3a271f87577918f45ab67,51d92be1c60d1db1d2e5e7a07da55b26,72b32a1f754ba1c09b3695e0cb6cde7f,2023-10-22,502e4a16930e414107ee22b6198c578f
b663a3325b777d73b231bf769dc16332,dc5689792e08eb2e219dce49e64c885b,66f041e16a60928b05a7e228a89c3799,2023-10-22,6af97d7deea1a1d2c76c5c512e66700b
3a893effe89e0ae9026b7e8b1e3640f0,f1b6f2857fb6d44dd73c7041e0aa0f19,093f65e080a295f8076b1c5722a46aa2,2023-10-23,a71378c0f8d76dbf90feeecd095d0ed9
9320498eb147f6fe44007267adadd150,1141938ba2c2b13f5505d7c424ebae5f,072b030ba126b2f4b2374f342be9ed44,2023-10-23,a4f23670e1833f3fdb077ca70bbd5d66
47b5043319274295308230997aa13970,63923f49e5241343aa7acb6a06a751e7,7f39f8317fbdb1988ef4c628eba02591,2023-10-23,889fbd1aec443cef389ea10c93b498d8
6778a9714b6a18a2fb3d0336e2870959,3dc4876f3f08201c7c76cb71fa1da439,44f683a84163b3523afe57c2e008bc8c,2023-10-23,496cd8b01b0600a185e6156487bf96ed
a72e2f71150e4e8b749cf32b8a2424dd,96da2f590cd7246bbde0051047b0d6f7,03afdbd66e7929b125f8597834fa83a4,2023-10-24,f84c0fd2c9fc0115aa7144af5cb76cfb
0a544e0cc0c63036cc86e1374b25071e,0f28b5d49b3020afeecd95b4009adf4c,ea5d2f1c4608232e07d3aa3d998e5135,2023-10-24,7c220a2091c26a7f5e9f1cfb099511e3
7091dc483ef52d569913c7ef212f987d,73278a4a86960eeb576a8fd4c9ec6997,fc490ca45c00b1249bbe3554a4fdf6fb,2023-10-24,ca4b33532855080dfa79cf8a925d146d
8a050133463da9f18b831540958761eb,ffd52f3c7e12435a724a8f30fddadd9c,3295c76acbf4caaed33c36b1b5fc2cb1,2023-10-25,7b3564b05f78b6739d06a2ea3187f5ca
d0a67624f2e052846d667b5f4317c46a,c2aee86157b4a40b78132f1e71a9e6f1,735b90b4568125ed6c3f678819b6e058,2023-10-25,30777b47a2424ff255c03b17a3d0fca7
ec4976690a524340842d286a954eec35,e49b8b4053df9505e1f48c3a701c0682,a3f390d88e4c41f2747bfa2f1b5f87db,2023-10-25,3501672ebc68a5524629080e3ef60aef
91319004a46148eb99564b2cf13d0863,53c3bce66e43be4f209556518c2fcb54,14bfa6bb14875e45bba028a21ed38046,2023-10-25,f2501c71a070a8bb42e898a80baee401
8ffe42e01f0ed75ee90cd02fd6e9bd61,9431c87f273e507e6040fcb07dcb4509,7cbbc409ec990f19c78c75bd1e06f215,2023-10-25,a7eb3f86b0d99361a5053a41d7d38576
83c8b4a2ae72dcb47d289655c8bdb4e0,48aedb8880cab8c45637abc7493ecddd,e2c420d928d4bf8ce0ff2ec19b371514,2023-10-25,3a1dd98341fafc1dfe9bcf36360e6b84
f2f8305fa13b038bef533a2a58c17412,076a0c97d09cf1a0ec3e19c7f2529f2b,32bb90e8976aab5298d5da10fe66f21d,2023-10-25,abdeb6f575ac5c6676b747bca8d09cc2
50c4d4c4cc5a1f632c5c5a23a5d78666,7f24d240521d99071c93af3917215ef7,d2ddea18f00665ce8623e36bd4e3c7c5,2023-10-25,437d46a857214c997956eaf0e3b21a55
2fd2af7096efe955fe21e67d51c47f41,8f7d807e1f53eff5f9efbe5cb81090fb,ad61ab143223efbc24c7d2583be69251,2023-10-25,7e1cacfb27da22fb243ff2debf4443a0
b535a9c840c9dd9e2c2b13cbafe70d78,d67d8ab4f4c10bf22aa353e27879133c,d09bf41544a3365a46c9077ebb5e35c3,2023-10-25,1343777b8ead1cef5a79b78a1a48d805
f12e74b7b25827333c46f45b7c52b706,291597a100aadd814d197af4f4bab3a7,fbd7939d674997cdb4692d34de8633c4,2023-10-25,ba9a56ce0a9bfa26e8ed9e10b2cc8f46
27ef59fd912f414659860d48a682dbd8,2b8a61594b1f4c4db0902a8a395ced93,28dd2c7955ce926456240b2ff0100bde,2023-10-25,f0f07e680de407b0f12abf15bd520097
96112bf330c1a6db59144697efd46a4f,43ec517d68b6edd3015b3edc9a11367b,35f4a8d465e6e1edc05f3d8ab658c551,2023-10-25,f855576b5b50b1144068dd83447bedb4
1b89aab074febde3ff8bb76e979c4398,e995f98d56967d946471af29d7bf99f1,d1fe173d08e959397adf34b1d77e88d7,2023-10-25,13d7dc096493e1f77fb4ccf3eaf79df1
431de70d3b578c0437da4d65b73b1d87,a532400ed62e772b9dc0b86f46e583ff,f033ab37c30201f73f142449d037028d,2023-10-25,c7af0926b294e47e52e46cfebe173f20
7daf70ee5052c8d494be2cdb2f95a5bd,0aa1883c6411f7873cb83dacb17b0afc,43ec517d68b6edd3015b3edc9a11367b,2023-10-26,3e016029eeb9a92852a656f33fbf1dc6
686fff1dc9cc72ae8fb95a7a12c69f57,4c56ff4ce4aaf9573aa5dff913df997a,9778d5d219c5080b9a6a17bef029331c,2023-10-26,32cbf687880eb1674a07bf717761dd3a
cbc700246b83b8e8b0b1ffc6529f9a1d,3c59dc048e8850243be8079a5c74d079,fe9fc289c3ff0af142b6d3bead98a923,2023-10-26,f316e3fe33f1f754851712c760ab9d48
eeea70b6b1b1a92cb495d9b33d7210ce,5737c6ec2e0716f3d8a7a5c4e0de0d9a,68d30a9594728bc39aa24be94b319d21,2023-10-26,8a94ecfa54dcb88a2fa993bfa6388f9e
c495736fb87e5e50d2a2c762eb5ab401,8d34201a5b85900908db6cae92723617,3ef815416f775098fe977004015c6193,2023-10-26,42299f06ee419aa5d9d07798b56779e2
93b28a0cbf89531497e81573ff22f6da,c16a5320fa475530d9583c34fd356ef5,93db85ed909c13838ff95ccfa94cebd9,2023-10-26,828c3938b662961ed8f775ed638b97f2
a0f873c6663e4c954dc8c9911805d95c,17e62166fc8586dfa4d1bc0e1742c08b,c7e1249ffc03eb9ded908c236bd1996d,2023-10-26,2e64da0bae6a7533021c760d4ba5d621
a3c7bb078b8ae6b863116547fcc1473b,cd00692c3bfe59267d5ecfac5310286c,2a38a4a9316c49e5a833517c45d31070,2023-10-26,1f5f5b265100daad35b3a491e1c55351
65167b8c9d21c76e10f7638a36d3d242,ad13a2a07ca4b7642959dc0c4c740ab6,7647966b7343c29048673252e490f736,2023-10-26,e366d105cfd734677897aaccf51e97a3
f3060204c79d64adfea2f5cb67e1153b,6c3cf77d52820cd0fe646d38bc2145ca,8613985ec49eb8f757ae6439e879bb2a,2023-10-26,8171ac2c5544a5cb54ac0f38bf477af4
263d33f5a906c17684285755b215942a,bac9162b47c56fc8a4d2a519803d51b3,54229abfcfa5649e7003b83dd4755294,2023-10-27,6df182582740607da754e4515b70e32d
84b2b99af2990a4baf95faec1b75d226,e0cf1f47118daebc5b16269099ad7347,92cc227532d17e56e07902b254dfad10,2023-10-27,964d180ea80d672a811ed3b56da0b05e
24feeb2d5ccbadbb645b85781f6c592f,53fde96fcc4b4ce72d7739202324cd49,98dce83da57b0395e163467c9dae521b,2023-10-27,2711ab32f69d23c546d5411382c724a6
c3bad84bbdaedd69e9a1f6d27a8e5c15,303ed4c69846ab36c2904d3ba8573050,f4b9ec30ad9f68f89b29639786cb62ef,2023-10-27,520bae6649b42ff5a3c8c58b7fcfc5a9
3d42831408ea1720b81d5b9197c2cabe,d947bf06a885db0d477d707121934ff8,812b4ba287f5ee0bc9d43bbf5bbe87fb,2023-10-27,c0a271bc0ecb776a094786474322cb82
d4e5fd4170c7bc98bfeb133f47738f79,013a006f03dbc5392effeb8f18fda755,26657d5ff9020d2abefe558796b99584,2023-10-27,0609154fa35b3194026346c9cac2a248
f4ad4a245d37242fb42b66db8d2d74a1,3df1d4b96d8976ff5986393e8767f5b2,e2ef524fbf3d9fe611d5a8e90fefdc9c,2023-10-27,115f89503138416a242f40fb7d7f338e
188711d5ae46a04018574503b0949514,abd815286ba1007abfbb8415b83ae2cf,ed3d2c21991e3bef5e069713af9fa6ca,2023-10-27,c32d9bf27a3da7ec8163957080c8628e
81cecb0ec0b50923621f74124cf4ef5e,3328bdf9a4b9504b9398284244fe97c2,ac627ab1ccbdb62ec96e702f07f6425b,2023-10-27,b1924e3eaca56a46ac62e8a0fe0fc199
d8f8e9cf215d9b921ea74eeb02cf6833,093f65e080a295f8076b1c5722a46aa2,f899139df5e1059396431415e770c6dd,2023-10-27,2912bbeedc16c67bd0529ab7d438c1ac
dcb1acac554664625e22f1296cf03499,2b24d495052a8ce66358eb576b8912c8,38b3eff8baf56627478ec76a704e9b52,2023-10-27,0cbed40c0d920b94126eaf5e707be1f5
6a27ed4025098d826eb6d11010e5f5db,996a7fa078cc36c46d02f9af3bef918b,ec8956637a99787bd197eacd77acce5e,2023-10-27,20ba66f905957b34253d9d7abde919f3
e60175f4eed3b65c7d9bbc9e80587cab,e44fea3bec53bcea3b7513ccef5857ac,6974ce5ac660610b44d9b9fed0ff9548,2023-10-27,831bb3dd5d09fb053fc65257e81b28f8
2af838a249f3c9cedc4ac1f9119852aa,d395771085aab05244a4fb8fd91bf4ee,c9e1074f5b3f9fc8ea15d152add07294,2023-10-27,d02e9bdc27a894e882fa0c9055c99722
6ea1d9165e75b15e642c9e120908296b,cbcb58ac2e496207586df2854b17995f,65b9eea6e1cc6bb9f0cd2a47751a186f,2023-10-28,16bda725ae44af3bb9316f416bd13b1b
9b2c77ca53c4963abc805bbf51b0a603,577bcc914f9e55d5e4e4f82f9f00e7d4,f0935e4cd5920aa6c7c996a5ee53a70f,2023-10-28,3df80af53dce8435cf9ad6c3e7a403fd
45406f83ba9856b46e995ffb28a70748,3dc4876f3f08201c7c76cb71fa1da439,a97da629b098b75c294dffdc3e463904,2023-10-29,907edb0aa6986220dbffb79a788596ee
8b130cb936c343c2b9519f4d83e4d57a,fe131d7f5a6b38b23cc967316c13dae2,a3c65c2974270fd093ee8a9bf8ae7d0b,2023-10-29,996740de914ced0902e686373e319391
3698d1d98b0b7bfac570fbb2ec869074,b73ce398c39f506af761d2277d853a92,2723d092b63885e0d7c260cc007e8b9d,2023-10-29,f5bf0ba0a17ef18f9607774722f5698c
33a3df03c2162742816ca62d957f5230,18997733ec258a9fcaf239cc55d53363,5f93f983524def3dca464469d2cf9f3e,2023-10-29,32e05616c8ed659463f9af00b142dd6f
5c2497a70584d5bc7a0ec698a3f959b7,2421fcb1263b9530df88f7f002e78ea5,698d51a19d8a121ce581499d7b701668,2023-10-29,889091ff744069cab08dc605d162a8d3
56c7fc1ff1b5b86a15f5f198eafa3e44,13f3cf8c531952d72e5847c4183e6910,7f6ffaa6bb0b408017b62254211691b5,2023-10-29,f4beeba0dd6c190c6ac02f85e7b3691c
04a9fffd0b233becc1638f407cc92c1d,65b9eea6e1cc6bb9f0cd2a47751a186f,73278a4a86960eeb576a8fd4c9ec6997,2023-10-29,983a33a9a86796df362c1108e00f54a6
846c95fda84b657c892988fa07dd15da,846c260d715e5b854ffad5f70a516c88,5fd0b37cd7dbbb00f97ba6ce92bf5add,2023-10-29,3b777b775721dfa8d36de2a320a03e53
9ffaee34a02970015b9660f512ba5c23,3b5dca501ee1e6d8cd7b905f4e1bf723,2b44928ae11fb9384c4cf38708677c48,2023-10-29,341cd40532980c4909c8c647f2138c03
d82acc5d0f7f312e5d6d4531d6fe7da3,f457c545a9ded88f18ecee47145a72c0,c45147dee729311ef5b5c3003946c48f,2023-10-30,d5c186983b52c4551ee00f72316c6eaa
7276405ea6b851f0151cccde79989115,d240e3d38a8882ecad8633c8f9c78c9b,eb160de1de89d9058fcb0b968dbbbd68,2023-10-30,7e05d6f828574fbc975a896b25bb011e
a33561e8c90a0ae6cb0a3c1ef6f95f46,fb89705ae6d743bf1e848c206e16a1d7,5ef059938ba799aaa845e1c2e8a762bd,2023-10-30,03227b950778ab86436ff79fe975b596
54f544abe9494733a43a01a9c4c8ace9,6c4b761a28b734fe93831e3fb400ce87,07e1cd7dca89a1678042477183b7ac3f,2023-10-30,97e49161287e7a4f9b745366e4f9431b
d07ad520004f9ea8aaf44649c6c47e36,ab88b15733f543179858600245108dd8,da4fb5c6e93e74d3df8527599fa62642,2023-10-30,d5c186983b52c4551ee00f72316c6eaa
9516e6c4037d203122d4301108128857,35f4a8d465e6e1edc05f3d8ab658c551,4c56ff4ce4aaf9573aa5dff913df997a,2023-10-30,9a3d458322d70046f63dfd8b0153ece4
f1bb0dc4be361000619aea06d49a7c8b,5737c6ec2e0716f3d8a7a5c4e0de0d9a,a0a080f42e6f13b3a2df133f073095dd,2023-10-30,243f6a5292350cc163601aac9ad3e854
be28690135ee76d518e31eac62b9fd40,4b0a59ddf11c58e7446c9df0da541a84,202cb962ac59075b964b07152d234b70,2023-10-30,317d17f10845da500bcf49780b7f35bf
c0c2f35260885260227c9d789e46516a,26337353b7962f533d78c762373b3318,c8ffe9a587b126f152ed3d89a146b445,2023-10-30,51db672ac302a163017367f46d48f602
654f9fae8664832960a8479831290955,67d96d458abdef21792e6d8e590244e7,3def184ad8f4755ff269862ea77393dd,2023-10-30,90918ccd19a67747cadd8dbf8368c742
4a625fba6feca4c12da1c9f64bc6d7bc,d840cc5d906c3e9c84374c8919d2074e,069059b7ef840f0c74a814ec9237b6ec,2023-10-31,eb0ad44c9613a6bfb894ac3e79d163c7
d4acdb5b8077fa209597469bfa504051,d2ed45a52bc0edfa11c2064e9edee8bf,ec5decca5ed3d6b8079e2e7e7bacc9f2,2023-10-31,96b9bff013acedfb1d140579e2fbeb63
2fcd1d985250e8bd76829a56b1931dd1,cd00692c3bfe59267d5ecfac5310286c,76dc611d6ebaafc66cc0879c71b5db5c,2023-10-31,1651cf0d2f737d7adeab84d339dbabd3
ab1e89ce5efe9368c83731cbbc2ce772,006f52e9102a8d3be2fe5614f42ba989,d1f491a404d6854880943e5c3cd9ca25,2023-10-31,ab49ef78e2877bfd2c2bfa738e459bf0
3db805598acb20272e687367722c5553,f7e9050c92a851b0016442ab604b0488,9b8619251a19057cff70779273e95aa6,2023-10-31,9e740b84bb48a64dde25061566299467
429f9056aeaa427ad27cb8bd5b20dc15,6081594975a764c8e3a691fa2b3a321d,1afa34a7f984eeabdbb0a7d494132ee5,2023-10-31,e96b07acb4f9f90f7038004ece14038f
57605e44f1e586ce25c98886abe418c1,37bc2f75bf1bcfe8450a1a41c200364c,65ded5353c5ee48d0b7d48c591b8f430,2023-11-01,2c5a6c94ba9dea2c9a656407e1b9bd8c
de1f16cb4366b37aa09b612dd826c540,f9028faec74be6ec9b852b0a542e2f39,9fc3d7152ba9336a670e36d0ed79bc43,2023-11-01,619427579e7b067421f6aa89d4a8990c
e0f4ea86f2b5905998cec411548c031b,bf62768ca46b6c3b5bea9515d1a1fc45,02522a2b2726fb0a03bb19f2d8d9524d,2023-11-01,0234c510bc6d908b28c70ff313743079
8f28d1322db156a59fd0829a9d2015ca,8c7bbbba95c1025975e548cee86dfadc,7f1de29e6da19d22b51c68001e7e0e54,2023-11-01,8248a99e81e752cb9b41da3fc43fbe7f
47a17ec5183d35355b73a5d3b9dd9fc8,08c5433a60135c32e34f46a71175850c,42a0e188f5033bc65bf8d78622277c4e,2023-11-01,39539f630a3b94d3ed61ea9d04c9bb05
950045435cf3c43123804571eb9caad2,58ae749f25eded36f486bc85feb3f0ab,3988c7f88ebcb58c6ce932b957b6f332,2023-11-01,a1140a3d0df1c81e24ae954d935e8926
671d3fb72a750ec8017ec72b3ca812bf,73278a4a86960eeb576a8fd4c9ec6997,013d407166ec4fa56eb1e1f8cbe183b9,2023-11-01,ef3e86e4902558e3779ecc84d72a6d8c
8474f714a6465524e0ea9d9396259d0f,1700002963a49da13542e0726b7bb758,e00da03b685a0dd18fb6a08af0923de0,2023-11-01,361440528766bbaaaa1901845cf4152b
f957a60e83e14c082fbe0ed68da34b51,eb6fdc36b281b7d5eabf33396c2683a2,1385974ed5904a438616ff7bdb3f7439,2023-11-01,c8d3a760ebab631565f8509d84b3b3f1
a94d846318640f3dd03eaf2de93bb648,fec8d47d412bcbeece3d9128ae855a7a,0f28b5d49b3020afeecd95b4009adf4c,2023-11-01,6591d327f6f731e589b0e869adadf940
5b84a88a797b77d43eb6b45017eac1a5,2e65f2f2fdaf6c699b223c61b1b5ab89,a8baa56554f96369ab93e4f3bb068c22,2023-11-01,11958dfee29b6709f48a9ba0387a2431
c41ca80e7a8637163da618b808306640,64223ccf70bbb65a3a4aceac37e21016,903ce9225fca3e988c2af215d4e544d3,2023-11-01,ba1b3eba322eab5d895aa3023fe78b9c
597f91f63401f5947b736faa63149840,abd815286ba1007abfbb8415b83ae2cf,0a09c8844ba8f0936c20bd791130d6b6,2023-11-01,cf43a9e6874c5afbebe2858a64d45f52
06b2edfe529c4744c559a6698127e748,e1e32e235eee1f970470a3a6658dfdd5,2b24d495052a8ce66358eb576b8912c8,2023-11-01,5d50d22735a7469266aab23fd8aeb536
9b322b521c546b09cd183bc117b62bd5,8f121ce07d74717e0b1f21d122e04521,a5e00132373a7031000fd987a3c9f87b,2023-11-01,b6617980ce90f637e68c3ebe8b9be745
a75297a93491294b260514fa8241602b,d296c101daa88a51f6ca8cfc1ac79b50,8d5e957f297893487bd98fa830fa6413,2023-11-01,d1a342bb3f725967660b92ec62db720f
4d6ea85356615172f7e93ae8bce46913,39059724f73a9969845dfe4146c5660e,47d1e990583c9c67424d369f3414728e,2023-11-02,8553adf92deaf5279bcc6f9813c8fdcc
b67f36b7a323cddb1820fcc5f5ff3560,766ebcd59621e305170616ba3d3dac32,f2217062e9a397a1dca429e7d70bc6ca,2023-11-02,0d770c496aa3da6d2c3f2bd19e7b9d6b
6a0536af56b7e1da63eb530e3be7b9d4,288cc0ff022877bd3df94bc9360b9c5d,7ef605fc8dba5425d6965fbd4c8fbe1f,2023-11-02,36165c62f7b7df72863d470d73302627
9528add679f93fa25a20bd194d64d66f,fde9264cf376fffe2ee4ddf4a988880d,a8f15eda80c50adb0e71943adc8015cf,2023-11-02,f653d5976458f0dcce2b3939259acffa
bcd6cd45c0c5717f01a625d48a07be4d,26337353b7962f533d78c762373b3318,37a749d808e46495a8da1e5352d03cae,2023-11-02,6f75e9b246b289fa11d79a27a3cba4b9
a491b996611e040fe97334eb89a764f2,555d6702c950ecb729a966504af0a635,b3e3e393c77e35a4a3f3cbd1e429b5dc,2023-11-02,8d6dc35e506fc23349dd10ee68dabb64
1e2e95bf1551345ac33630479d9c7d0f,043c3d7e489c69b48737cc0c92d0f3a2,1d7f7abc18fcb43975065399b0d1e48e,2023-11-02,219c507b38ddfc07899fc1f01ff40c44
d5093967be64cde7a6ada3acbdfb3f74,b5b41fac0361d157d9673ecb926af5ae,2a79ea27c279e471f4d180b08d62b00a,2023-11-02,8462a7c229aea03dde69da754c3bbcc4
9f06af89768c873e25276d025ecee88b,3493894fa4ea036cfc6433c3e2ee63b0,1c9ac0159c94d8d0cbedc973445af2da,2023-11-02,ddc96fb7d590861ce4bbc4579f5fa848
d86d3ce85a901ce30eef5133f10e2bf6,1679091c5a880faf6fb5e6087eb1b2dc,6c4b761a28b734fe93831e3fb400ce87,2023-11-02,5af12af744c7a634787ec678b7dbdaf0
622cf8e444c880f0f9e03eb0a1d86503,621461af90cadfdaf0e8d4cc25129f91,06409663226af2f3114485aa4e0a23b4,2023-11-02,f976b57bb9dd27aa2e7e7df2825893a6
c7a1e7675e6e815cb1e935c70ac29aa9,07c5807d0d927dcd0980f86024e5208b,140f6969d5213fd0ece03148e62e461e,2023-11-02,1531beb762df4029513ebf9295e0d34f
763567b0dd23368f1f1b4870a7556b09,9f396fe44e7c05c16873b05ec425cbad,b73ce398c39f506af761d2277d853a92,2023-11-02,7a53928fa4dd31e82c6ef826f341daec
e6a8865918d38e29aeb00654153b5d3a,a4f23670e1833f3fdb077ca70bbd5d66,bd4c9ab730f5513206b999ec0d90d1fb,2023-11-03,2adee8815dd939548ee6b2772524b6f2
5c58cb02d85045225f220165676fc8e2,8065d07da4a77621450aa84fee5656d9,82aa4b0af34c2313a562076992e50aa3,2023-11-03,75e0d8c653ea7377eb3a4c55234c6a43
47a5687fe9b47a7dfd7088929e02a864,b337e84de8752b27eda3a12363109e80,0777d5c17d4066b82ab86dff8a46af6f,2023-11-03,d4b40e6113d6268363e7a93d4cbe6875
6b666a6e6cc45c490d5fa15e2e396daf,a4f23670e1833f3fdb077ca70bbd5d66,fa7cdfad1a5aaf8370ebeda47a1ff1c3,2023-11-03,f442d33fa06832082290ad8544a8da27
390f81584ea278109bf8905ab7a677b0,eb6fdc36b281b7d5eabf33396c2683a2,9766527f2b5d3e95d4a733fcfb77bd7e,2023-11-04,bba6bca05fecde04c682328e44b974b7
a1fbc18406e9a9a8c680272277276077,9a96876e2f8f3dc4f3cf45f02c61c0c1,7e7757b1e12abcb736ab9a754ffb617a,2023-11-04,5df07ecf4cea616e3eb384a9be3511bb
9215413449efae72c239c99e59673c2a,7eacb532570ff6858afd2723755ff790,5878a7ab84fb43402106c575658472fa,2023-11-04,7d3d5bcad324d3edc08e40738e663554
fe038fe6181156038f166e975efb748f,3d8e28caf901313a554cebc7d32e67e5,006f52e9102a8d3be2fe5614f42ba989,2023-11-04,c3f99e62ef70deec7d934b2ea347e2c0
4989a93e9ee248b9769c164ef8748b94,1f50893f80d6830d62765ffad7721742,3636638817772e42b59d74cff571fbb3,2023-11-04,84f0f20482cde7e5eacaf7364a643d33
a8100d5c902b9a845e528f2b4f2b6e5d,8e6b42f1644ecb1327dc03ab345e618b,149e9677a5989fd342ae44213df68868,2023-11-04,a1dc51ee503c5fe5170288a0b5bfc089
ffc091024be11ecf72c79875378d623c,ec5aa0b7846082a2415f0902f0da88f2,a4a042cf4fd6bfb47701cbc8a1653ada,2023-11-04,07b2ee9f02d5e6e8894377afb4feed32
8263020c4635dffdbd63cd90f1e2cb77,b86e8d03fe992d1b0e19656875ee557c,1ff8a7b5dc7a7d1f0ed65aaa29c04b1e,2023-11-04,4511dccbea0a3350d8ff72c7648cd678
819b1e6b715e192a61ebac82d79f0763,08d98638c6fcd194a4b1e6992063e944,f7e6c85504ce6e82442c770f7c8606f0,2023-11-04,8726bb30dc7ce15023daa8ff8402bcfd
002e9311f4d9df13ad47891bc3d9e6fd,abd815286ba1007abfbb8415b83ae2cf,bf8229696f7a3bb4700cfddef19fa23f,2023-11-04,4158f6d19559955bae372bb00f6204e4
ba26ab6f0d5556bddf65ea12e05b8c58,eddea82ad2755b24c4e168c5fc2ebd40,82161242827b703e6acf9c726942a1e4,2023-11-04,a70145bf8b173e4496b554ce57969e24
87bd7f686f6b4073f7b6464af8946185,4ffce04d92a4d6cb21c1494cdfcd6dc1,38af86134b65d0f10fe33d30dd76442e,2023-11-04,9a85c12a21b76392747906fc7b2aff92
7ab060f3c3f18dfcda6220b3a52ac357,ec8ce6abb3e952a85b8551ba726a1227,96da2f590cd7246bbde0051047b0d6f7,2023-11-04,ed7336aa18ce41622a5b41a6a62f4fea
d2a303b88fed2e6d0fce5cb51287421d,39059724f73a9969845dfe4146c5660e,8f85517967795eeef66c225f7883bdcb,2023-11-05,7070f9088e456682f0f84f815ebda761
58ab489f02a985edc35f646a03077a36,67e103b0761e60683e83c559be18d40c,8f53295a73878494e9bc8dd6c3c7104f,2023-11-05,da3fde159d754a2555eaa198d2d105b2
2dc1a5dc62c550d3fe8ba5773fcbffd6,4558dbb6f6f8bb2e16d03b85bde76e2c,045117b0e0a11a242b9765e79cbf113f,2023-11-05,248024541dbda1d3fd75fe49d1a4df4d
7c0a60a21ef1e5b1cb20e98e192e06be,f5f8590cd58a54e94377e6ae2eded4d9,fc221309746013ac554571fbd180e1c8,2023-11-05,f7696a9b362ac5a51c3dc8f098b73923
0cc18ee8fc45ee1d98921f34b89ee307,25b2822c2f5a3230abfadd476e8b04c9,4c5bde74a8f110656874902f07378009,2023-11-05,be3e9d3f7d70537357c67bb3f4086846
45202e805fee2084114ede585fbc9f82,5ec91aac30eae62f4140325d09b9afd0,cedebb6e872f539bef8c3f919874e9d7,2023-11-05,621d187a8e1a345cc07422a61c669654
66291ed72e4d7763b9143fe54a262a81,766d856ef1a6b02f93d894415e6bfa0e,6cdd60ea0045eb7a6ec44c54d29ed402,2023-11-05,d0cbf1a1aa1726784df15a81ead214f7
24d5f4b9a97eb2f04bcaed48fdf71cc5,e46de7e1bcaaced9a54f1e9d0d2f800d,eecca5b6365d9607ee5a9d336962c534,2023-11-05,0bb4aec1710521c12ee76289d9440817
6a6f3b3f14e631fc0fbddf46f20fd91a,d81f9c1be2e08964bf9f24b15f0e4900,9872ed9fc22fc182d371c3e9ed316094,2023-11-05,9edda0fd4d983bf975935cfd492fd50b
859df4ed782fc5bd82922a9de87953cf,02a32ad2669e6fe298e607fe7cc0e1a0,31fefc0e570cb3860f2a6d4b38c6490d,2023-11-05,ed4227734ed75d343320b6a5fd16ce57
c8c899a7ec80ce81072d9d6f13ddeed5,5c04925674920eb58467fb52ce4ef728,9dcb88e0137649590b755372b040afad,2023-11-05,6db291ac9963003618ca6aa15063c4d6
2061e9c7a624d5bf8114aaf0111d0ce2,43feaeeecd7b2fe2ae2e26d917b6477d,a2557a7b2e94197ff767970b67041697,2023-11-06,de3f712d1a02c5fb481a7a99b0da7fa3
5151ad6f1429006d20edc4793f5bc0bf,1ce927f875864094e3906a4a0b5ece68,cfecdb276f634854f3ef915e2e980c31,2023-11-06,01daa090f0d5693d97c90755a54fa204
a828435846acb92b4de46d33466ee393,fe8c15fed5f808006ce95eddb7366e35,0aa1883c6411f7873cb83dacb17b0afc,2023-11-06,043ab21fc5a1607b381ac3896176dac6
fe651f568b1f58bec0c30ed3f84d53f0,b86e8d03fe992d1b0e19656875ee557c,58a2fc6ed39fd083f55d4182bf88826d,2023-11-06,c7b711619071c92bef604c7ad68380dd
d13f7eef3418566394dc01a66d3610f7,93db85ed909c13838ff95ccfa94cebd9,bd686fd640be98efaae0091fa301e613,2023-11-06,aeb3135b436aa55373822c010763dd54
5bf073bf4b706ab1afa7618560632b94,0ff8033cf9437c213ee13937b1c4c455,a597e50502f5ff68e3e25b9114205d4a,2023-11-06,39cd7b469beae7c617c73e0d008195ef
88bdde0b75cd608f59889425a99f6477,bc6dc48b743dc5d013b1abaebd2faed2,0336dcbab05b9d5ad24f4333c7658a0e,2023-11-06,5fd513e89cc656d9c7ab2bca4168a4f2
43467434efbd019362d6f38278d430ff,1f4477bad7af3616c1f933a02bfabe4e,084b6fbb10729ed4da8c3d3f5a3ae7c9,2023-11-06,ec3ba9232ae8f48d46b4f6a5283e496f
1c0ee3c48f36a8cb4952fe5d557e7001,6c524f9d5d7027454a783c841250ba71,85d8ce590ad8981ca2c8286f79f59954,2023-11-06,cb2c2041d9763d84d7d655e81178f444
85c269b3ba2a25b456426f44af29840a,819f46e52c25763a55cc642422644317,0e65972dce68dad4d52d063967f0a705,2023-11-06,ee1abc6b5f7c6acb34ad076b05d40815
fd9d039b935d311e07a49396eb9f9e2c,68d30a9594728bc39aa24be94b319d21,84d9ee44e457ddef7f2c4f25dc8fa865,2023-11-06,0c12278389532e91c601af4c8adef7fc
2ab4f571af8f617c222687f1c52e3558,5d44ee6f2c3f71b73125876103c8f6c4,3644a684f98ea8fe223c713b77189a77,2023-11-06,161882dd2d19c716819081aee2c08b98
fdc89d4d5eb101443d34843e6504b274,93db85ed909c13838ff95ccfa94cebd9,757b505cfd34c64c85ca5b5690ee5293,2023-11-07,dc6a70712a252123c40d2adba6a11d84
770066953b32c7951462c109124ad2e8,01f78be6f7cad02658508fe4616098a9,854d6fae5ee42911677c739ee1734486,2023-11-07,caaa29eab72b231b0af62fbdff89bfce
827b059ed3a55bf1708eb8db4cd3635f,a5e00132373a7031000fd987a3c9f87b,e2c0be24560d78c5e599c2a9c9d0bbd2,2023-11-07,b015f24e9c4eaa54104d9abcbc99b2d0
69766794ebe408a367c75a9cbe6c8eda,98d6f58ab0dafbb86b083a001561bb34,274ad4786c3abca69fa097b85867d9a4,2023-11-07,73c14008d55c730e10bb9412a5be1a16
5d00b9103c2403b7aceacbba363ef0a4,eccbc87e4b5ce2fe28308fd9f2a7baf3,eae27d77ca20db309e056e3d2dcd7d69,2023-11-07,d09bf41544a3365a46c9077ebb5e35c3
e0b51522e9cf5902194a1ff655c49c2a,4734ba6f3de83d861c3176a6273cac6d,7eabe3a1649ffa2b3ff8c02ebfd5659f,2023-11-07,d53697441ef12a45422f6660202f9840
3c725e4acb20ad3f3a96c03d31a500ce,0f28b5d49b3020afeecd95b4009adf4c,69adc1e107f7f7d035d7baf04342e1ca,2023-11-07,3613ef1ee5b75945c042bfb124275a0b
2decfe22fbda3536f9ad09c432711c66,e07413354875be01a996dc560274708e,091d584fced301b442654dd8c23b3fc9,2023-11-07,c59b469d724f7919b7d35514184fdc0f
6ebd0aa888eda2083349244f7033c272,812b4ba287f5ee0bc9d43bbf5bbe87fb,b1d10e7bafa4421218a51b1e1f1b0ba2,2023-11-07,819c9fbfb075d62a16393b9fe4fcbaa5
97c209be4c5c3427f8a5f5dcc6897ef3,d09bf41544a3365a46c9077ebb5e35c3,6f3ef77ac0e3619e98159e9b6febf557,2023-11-07,f2bff080785c76aa81dbaffce7dea0ad
07e21fce176e1f8c6554c6314bc3009a,202cb962ac59075b964b07152d234b70,eb163727917cbba1eea208541a643e74,2023-11-07,1091660f3dff84fd648efe31391c5524
aa32813c9dabb18934eb9fe385b3c3fa,d9d4f495e875a2e075a1a4a6e1b9770f,1534b76d325a8f591b52d302e7181331,2023-11-07,33235e3d066bad95b6eea457826f7507
1e6d83c8f60d7f429318851fd6e532f4,3295c76acbf4caaed33c36b1b5fc2cb1,979d472a84804b9f647bc185a877a8b5,2023-11-07,becc353586042b6dbcc42c1b794c37b6
b5d0c350fbbca6f0a559577da092fc03,d6baf65e0b240ce177cf70da146c8dc8,ca46c1b9512a7a8315fa3c5a946e8265,2023-11-07,0ebf197205c00fc6e0aac7261a8c1bdc
5f44d274273f23adbd0b09ecd84eef72,f4552671f8909587cf485ea990207f3b,3b8a614226a953a8cd9526fca6fe9ba5,2023-11-07,3d8d871debc0dcfeb788f3fbf310f07f
424520a2f15270395078df4750028ee9,b2eeb7362ef83deff5c7813a67e14f0a,45fbc6d3e05ebd93369ce542e8f2322d,2023-11-08,8d34201a5b85900908db6cae92723617
ecb95a42caabcc5532ebb6e4067bafbf,17c276c8e723eb46aef576537e9d56d0,63dc7ed1010d3c3b8269faf0ba7491d4,2023-11-08,6872937617af85db5a39a5243e858d1f
488ceeba0e931a6ca3a92c35a3cb86ea,96b9bff013acedfb1d140579e2fbeb63,e96ed478dab8595a7dbda4cbcbee168f,2023-11-08,d5c82d99f0edb85fc94ffa4204146aad
df882a5e49464df511c7bbe1d6db00ac,bd686fd640be98efaae0091fa301e613,c0e190d8267e36708f955d7ab048990d,2023-11-08,33f2481179ad598a2b87005cec4b6830
b2247c2ac55f965ddae59262a67a1bae,9908279ebbf1f9b250ba689db6a0222b,ec8ce6abb3e952a85b8551ba726a1227,2023-11-08,581b41df0cd50ace849e061ef74827fc
10b1abda82534131a680f1325308f900,f4f6dce2f3a0f9dada0c2b5b66452017,060ad92489947d410d897474079c1477,2023-11-08,820a8f5c40c91fbd63f19519314ca277
ce40918dd99e6bcfe679b94c300f17ff,67f7fb873eaf29526a11a9b7ac33bfac,bcbe3365e6ac95ea2c0343a2395834dd,2023-11-08,d01f770d77f135a0762a9b8643607b39
e818b142e856bef7c949e6a10bd8c3ac,5737034557ef5b8c02c0e46513b98f90,115f89503138416a242f40fb7d7f338e,2023-11-08,7bcbf838aad2d6d4f975380ee45ef8d8
76486d87f5115e184866df8aa7444fdc,ba3866600c3540f67c1e9575e213be0a,13fe9d84310e77f13a6d184dbf1232f3,2023-11-08,3328bdf9a4b9504b9398284244fe97c2
b458beb9ed161cde223f79ccc7cae9a3,168908dd3227b8358eababa07fcaf091,d1c38a09acc34845c6be3a127a5aacaf,2023-11-09,9d752cb08ef466fc480fba981cfa44a1
deed7496e2225f375c08be11dd668cd4,8df707a948fac1b4a0f97aa554886ec8,9cfdf10e8fc047a44b08ed031e1f0ed1,2023-11-10,16d8a58d14a62420c9a1cbc088035e31
7c0a207fe32d63165dbca36b106c0f31,ab88b15733f543179858600245108dd8,705f2172834666788607efbfca35afb3,2023-11-10,b0eeffad438fd186126c11fecdceab44
a56fd944e1218cbe74ac85e4f11beab0,847cc55b7032108eee6dd897f3bca8a5,74db120f0a8e5646ef5a30154e9f6deb,2023-11-10,412604be30f701b1b1e3124c252065e6
80daea45fa88b3558d5d24c39e36ccf9,01386bd6d8e091c2ab4c7c7de644d37b,57aeee35c98205091e18d1140e9f38cf,2023-11-10,c09f9caf5e08836d4673ccdd69bb041e
f2ef0d6328d7b12e0109bc42e34108e3,15de21c670ae7c3f6f3f1f37029303c9,6da9003b743b65f4c0ccd295cc484e57,2023-11-10,eef6f4457ee96f8bae1893f5b234d238
f8faee3a5d3d0a77ec5fab285f2bd75d,821fa74b50ba3f7cba1e6c53e8fa6845,9b04d152845ec0a378394003c96da594,2023-11-10,2bdfb48c5fa7d2344b71ef45c8a7d31c
795c6f94783827be8de6cacc7a0c20a9,3b3dbaf68507998acd6a5a5254ab2d76,be83ab3ecd0db773eb2dc1b0a17836a1,2023-11-10,687fe34a901a03abed262a62e22f90db
24978d889c10df1f7666d08a19d3d6c1,27ed0fb950b856b06e1273989422e7d3,e165421110ba03099a1c0393373c5b43,2023-11-10,af922fd52975aee0083fb8e0ba9c1d64
84f842bea8fd3b5c62fc807968421fe5,6d0f846348a856321729a2f36734d1a7,289dff07669d7a23de0ef88d2f7129e7,2023-11-10,231141b34c82aa95e48810a9d1b33a79
db9009a1dbe2ce82cb999da3da7e079a,13f3cf8c531952d72e5847c4183e6910,577ef1154f3240ad5b9b413aa7346a1e,2023-11-10,0f9cafd014db7a619ddb4276af0d692c
2b2e691a20c692ac8ccf94cf34130a7f,bcbe3365e6ac95ea2c0343a2395834dd,01161aaa0b6d1345dd8fe4e481144d84,2023-11-10,70d85f35a1fdc0ab701ff78779306407
d7eb01b610febfab195c915fa4680b0b,432aca3a1e345e339f35a30c8f65edce,539fd53b59e3bb12d203f45a912eeaf2,2023-11-11,f96f9be4a7f4fa8ad6803378e0529ebc
9ae25fa2f401b1e20027d11bfcb60488,ef4e3b775c934dada217712d76f3d51f,ac1dd209cbcc5e5d1c6e28598e8cbbe8,2023-11-11,4559912e7a94a9c32b09d894f2bc3c82
d24bc0bff0832676816befb6579e341f,eed5af6add95a9a6f1252739b1ad8c24,555d6702c950ecb729a966504af0a635,2023-11-11,ffe4a40fecc90fa1120088e704712fb2
1ab704eb80fa7e3739939896c991b45d,0f840be9b8db4d3fbd5ba2ce59211f55,335f5352088d7d9bf74191e006d8e24c,2023-11-11,5e7d00134ba3a8b3e37edf5038bc51fc
182efca0603b7cb46e337923f38f4dbd,258be18e31c8188555c2ff05b4d542c3,f340f1b1f65b6df5b5e3f94d95b11daf,2023-11-11,d79c8788088c2193f0244d8f1f36d2db
d333251fdf12d726da9d16b7373e0987,3493894fa4ea036cfc6433c3e2ee63b0,e4a6222cdb5b34375400904f03d8e6a5,2023-11-11,91afd735eb9677bbd3c7abbb175f6112
1a70f5d516668375323ae057f6c3f3fa,d91d1b4d82419de8a614abce9cc0e6d4,cb70ab375662576bd1ac5aaf16b3fca4,2023-11-11,952285b9b7e7a1be5aa7849f32ffff05
28adfc13611b5656951dbc4790b9c769,a89cf525e1d9f04d16ce31165e139a4b,9188905e74c28e489b44e954ec0b9bca,2023-11-11,3147da8ab4a0437c15ef51a5cc7f2dc4
633e5964d8523f349ea7cb8fadd9940c,6c4b761a28b734fe93831e3fb400ce87,0266e33d3f546cb5436a10798e657d97,2023-11-11,fcf55a303b71b84d326fb1d06e332a26
fe6556bfafc61e940aa5f7ef582eb258,d3d9446802a44259755d38e6d163e820,38db3aed920cf82ab059bfccbd02be6a,2023-11-11,8511df98c02ab60aea1b2356c013bc0f
e8ff0a5ef3b145f263967583f9efd00c,4d5b995358e7798bc7e9d9db83c612a5,3cec07e9ba5f5bb252d13f5f431e4bbb,2023-11-11,4b009c2f8e8d230c498c2db26678dd77
8f76cfcfb7d86aa898eb3278ff38f7d6,81e74d678581a3bb7a720b019f4f1a93,621bf66ddb7c962aa0d22ac97d69b793,2023-11-11,56352739f59643540a3a6e16985f62c7
e6983f4794a22c6bb9ae29be28ee1e30,0bb4aec1710521c12ee76289d9440817,077e29b11be80ab57e1a2ecabb7da330,2023-11-11,6a182a16e66268d7ce85fcfe945df787
d2b1561610313c757092ee506fb7cf70,bac9162b47c56fc8a4d2a519803d51b3,6c9882bbac1c7093bd25041881277658,2023-11-11,29000b029c61328a948b1c7afa01cea3
e5c359c07db4cd2bd5896a53facde601,81e74d678581a3bb7a720b019f4f1a93,19f3cd308f1455b3fa09a282e0d496f4,2023-11-12,892d9369d20ca0bfedd0ba1cd9a557e7
3aca0c8a31617ea7f18932b49eb103d1,f4dd765c12f2ef67f98f3558c282a9cd,03c6b06952c750899bb03d998e631860,2023-11-12,9576675320d0f299324b34331e85d31f
7f3d3a00e09afae068fa2806d80ac962,e7f8a7fb0b77bcb3b283af5be021448f,c24cd76e1ce41366a4bbe8a49b02a028,2023-11-12,28a543c2a9eee8c0d6fbfaff7ca7e224
28a655927d82a6fef1e57931446117d9,1c9ac0159c94d8d0cbedc973445af2da,c52f1bd66cc19d05628bd8bf27af3ad6,2023-11-12,42a0e188f5033bc65bf8d78622277c4e
aba72162ff5b80c0a29b1b303a1f2928,a1519de5b5d44b31a01de013b9b51a80,fe131d7f5a6b38b23cc967316c13dae2,2023-11-13,b61a560ed1b918340a0ddd00e08c990e
f130b38c542c2886cea2d589a4a9f78d,23ce1851341ec1fa9e0c259de10bf87c,f718499c1c8cef6730f9fd03c8125cab,2023-11-13,520bae6649b42ff5a3c8c58b7fcfc5a9
005b6ba39eaee2bbf749277866525503,afdec7005cc9f14302cd0474fd0f3c96,d96409bf894217686ba124d7356686c9,2023-11-13,040ca38cefb1d9226d79c05dd25469cb
aa6da951f7f4d89cdf4c60f3852241d1,3ef815416f775098fe977004015c6193,502e4a16930e414107ee22b6198c578f,2023-11-13,a74721c39a4065c138540602ec99d2cf
98cf7697ab90b08901db21b43e6bf4bb,efe937780e95574250dabe07151bdc23,cfa0860e83a4c3a763a7e62d825349f7,2023-11-13,169806bb68ccbf5e6f96ddc60c40a044
8f9b7344cd3cbfdb8b968027149ecdcd,aa68c75c4a77c87f97fb686b2f068676,a4f23670e1833f3fdb077ca70bbd5d66,2023-11-13,67f36d6c644a9701979d7059161f3546
850b4245ca072a72a7fb382c03943459,f899139df5e1059396431415e770c6dd,b1a59b315fc9a3002ce38bbe070ec3f5,2023-11-13,142c65e00f4f7cf2e6c4c996e34005df
4ba76fcc99625404615d161648962f45,a8baa56554f96369ab93e4f3bb068c22,36660e59856b4de58a219bcf4e27eba3,2023-11-13,b9d487a30398d42ecff55c228ed5652b
4a540756ca1994a8d4b7ba09ea399628,26e359e83860db1d11b6acca57d8ea88,8c19f571e251e61cb8dd3612f26d5ecf,2023-11-13,7ea25c95b0792ca4ce01ea18bbda2d44
a00aa9ed7d678e607b6f8a674df08fa2,0f840be9b8db4d3fbd5ba2ce59211f55,d6baf65e0b240ce177cf70da146c8dc8,2023-11-13,de1b8f4be941d637edb68ee6a298538c
b31ec584a8e0739c2993785828ee4404,428fca9bc1921c25c5121f9da7815cde,e56954b4f6347e897f954495eab16a88,2023-11-13,1f029c1e1abaaf0605807b7f91552d36
1d36606f9f7dd6cc0ca37859cd5d3050,f0e52b27a7a5d6a1a87373dffa53dbe5,f7664060cc52bc6f3d620bcedc94a4b6,2023-11-13,a7971abb4134fc0cfcec7d589e1ebcf6
0a5125403b8442d4aa21f535f1e21cf4,fc8001f834f6a5f0561080d134d53d29,eda80a3d5b344bc40f3bc04f65b7a357,2023-11-13,7d265aa7147bd3913fb84c7963a209d1
2567054fd40d17da51ce61acfb8c0324,432aca3a1e345e339f35a30c8f65edce,8f121ce07d74717e0b1f21d122e04521,2023-11-13,cb16b8498f74ba6b6a6873518624168c
d7a69cf2a0fbfd31254870311089f419,b55ec28c52d5f6205684a473a2193564,06138bc5af6023646ede0e1f7c1eac75,2023-11-13,b710915795b9e9c02cf10d6d2bdb688c
ce249354d10e0df7729005a564c7c67d,f7e9050c92a851b0016442ab604b0488,39059724f73a9969845dfe4146c5660e,2023-11-13,3bc31a430954d8326605fc690ed22f4d
d65a57a991d4af4c87523ddff53ad445,e1e32e235eee1f970470a3a6658dfdd5,7f100b7b36092fb9b06dfb4fac360931,2023-11-13,00411460f7c92d2124a67ea0f4cb5f85
13cf4a26dccf1e1844ea8bf37286bf32,a9a1d5317a33ae8cef33961c34144f84,7a614fd06c325499f1680b9896beedeb,2023-11-14,386854131f58a556343e056f03626e00
22c45d2a6b11dd873349fccd471e7c3f,f340f1b1f65b6df5b5e3f94d95b11daf,4734ba6f3de83d861c3176a6273cac6d,2023-11-14,483d8df877b31405c1e8fe4247f02d86
faf8b768c1b584ae0c85059e05f22f8a,85422afb467e9456013a2a51d4dff702,d947bf06a885db0d477d707121934ff8,2023-11-14,799de6d3dae4c924142cf245a1d7f703
0a7e0b10fd06842ba566a21c5c978331,934815ad542a4a7c5e8a2dfa04fea9f5,63923f49e5241343aa7acb6a06a751e7,2023-11-14,c12d1f7cc7c4b41a125b5752d1238b03
7078e8dd801ea7a758ce52c67144a519,74bba22728b6185eec06286af6bec36d,db8e1af0cb3aca1ae2d0018624204529,2023-11-15,7792b558ca0c76d24d695582021ac501
89007325178f85b0cb4018a1c7c5433a,c042f4db68f23406c6cecf84a7ebb0fe,20f07591c6fcb220ffe637cda29bb3f6,2023-11-16,2da6a99a5ce7553b10fb03803d4994a9
6a5a62eb46b7c14193f0b298c6c73935,dc58e3a306451c9d670adcd37004f48f,07cdfd23373b17c6b337251c22b7ea57,2023-11-16,8cd7775f9129da8b5bf787a063d8426e
45a5a3ea060ce774d43f7ed25619d048,39461a19e9eddfb385ea76b26521ea48,d395771085aab05244a4fb8fd91bf4ee,2023-11-16,6236c78e73f52110ae39e588ba88de0b
c0aeafc22e4e5679c92cc815ab8b448b,68053af2923e00204c3ca7c6a3150cf7,92c8c96e4c37100777c7190b76d28233,2023-11-16,98bd65207ee83bfd17ebb0db971eddf9
441c76c86250784121f2223817f3d7ad,e00da03b685a0dd18fb6a08af0923de0,e3796ae838835da0b6f6ea37bcf8bcb7,2023-11-16,6828f61cee49c7a4da0f9c1d3e03b857
d2bd1c84b927a38f146bd0c94db4c7c5,0e65972dce68dad4d52d063967f0a705,6a9aeddfc689c1d0e3b9ccc3ab651bc5,2023-11-16,17e62166fc8586dfa4d1bc0e1742c08b
30e5506b5633da63608518c93ca67861,7a614fd06c325499f1680b9896beedeb,0f49c89d1e7298bb9930789c8ed59d48,2023-11-16,e17a886efc21fa45b9dc49a17c29dcf1
423e97349bfd6a9709c699cf80f3fbd3,941e1aaaba585b952b62c14a3a175a61,46ba9f2a6976570b0353203ec4474217,2023-11-17,24759597b99d21ef84e6c86c29e56aab
f6a9c5549f6e51833dc49a1040749bb7,cfa0860e83a4c3a763a7e62d825349f7,0e01938fc48a2cfb5f2217fbfb00722d,2023-11-17,abb9d15b3293a96a3ea116867b2b16d5
c7bc684909c1f2c6d939216ba095efa1,a3c65c2974270fd093ee8a9bf8ae7d0b,16a5cdae362b8d27a1d8f8c7b78b4330,2023-11-17,b0da9d8dd88178e3bb138e08742eb2e2
57b809bd81dda75a320f793cc5431d1f,57aeee35c98205091e18d1140e9f38cf,918317b57931b6b7a7d29490fe5ec9f9,2023-11-17,81bc798a42a7ce40810bf523f24deee1
bbe87b15c6e2663d47a890f5c4219498,20f07591c6fcb220ffe637cda29bb3f6,48aedb8880cab8c45637abc7493ecddd,2023-11-17,254eb3b5df0f07a3c8c134624be3119b
00949e28f9fa455d32703b8e3f3da953,a5bfc9e07964f8dddeb95fc584cd965d,839ab46820b524afda05122893c2fe8e,2023-11-17,64c53a52cb3bd1a01c03a64db985c0cc
5e39d8a36bfd454bb8f693b99027d8d5,0a09c8844ba8f0936c20bd791130d6b6,f90f2aca5c640289d0a29417bcb63a37,2023-11-17,d14fe370bdf1664c34b258d65f8d3507
caf041eaa59721063f0ed54e66082916,eed5af6add95a9a6f1252739b1ad8c24,9c838d2e45b2ad1094d42f4ef36764f6,2023-11-17,e6fa05c07b144b6ff4d1fd1cd2bbb244
3b84545eeace3ec27c3438e7acf6b559,d86ea612dec96096c5e0fcc8dd42ab6d,1700002963a49da13542e0726b7bb758,2023-11-17,a425170bf40e8d6ee473b271d96dae18
1aea8b05e23c404d2dd821d078969795,872488f88d1b2db54d55bc8bba2fad1b,53c3bce66e43be4f209556518c2fcb54,2023-11-17,28bda53c86d37e275a3ebfdc113b1f59
ef77222b14ae3ad9f3f45f3357a7b346,dd458505749b2941217ddd59394240e8,6883966fd8f918a4aa29be29d2c386fb,2023-11-17,9001ca429212011f4a4fda6c778cc318
35c8a9e1afeca861cb728c623eb95a87,6855456e2fe46a9d49d3d3af4f57443d,49182f81e6a13cf5eaa496d51fea6406,2023-11-17,5ca3e9b122f61f8f06494c97b1afccf3
5df216ba65ae2a4c989591fdcb99117f,7d04bbbe5494ae9d2f5a76aa1c00fa2f,d296c101daa88a51f6ca8cfc1ac79b50,2023-11-17,e474e8520850a6f3d13f268666736f33
a25edd8cc292b2cc7fab18d4e04a8deb,f33ba15effa5c10e873bf3842afb46a6,9fd81843ad7f202f26c1a174c7357585,2023-11-17,77ae1a5da3b68dc65a9d1648242a29a7
a4150d7674e5a426d54763b46c20514f,5f0f5e5f33945135b874349cfbed4fb9,26e359e83860db1d11b6acca57d8ea88,2023-11-17,294e09f267683c7ddc6cc5134a7e68a8
b0c004728f8dc40dc9fd764d743db82b,6f4922f45568161a8cdf4ad2299f6d23,ef0d3930a7b6c95bd2b32ed45989c61f,2023-11-17,4f5a97cf06cf69028997db51d8726d28
2e0976d799bf7d6f74b047efa081a931,0b8aff0438617c055eb55f0ba5d226fa,94f6d7e04a4d452035300f18b984988c,2023-11-17,1feb4cdda5aafe2a48cbe27544cd8e4b
720aac0a3c46af34113539ae80960729,4c56ff4ce4aaf9573aa5dff913df997a,34ed066df378efacc9b924ec161e7639,2023-11-17,f2fc990265c712c49d51a18a32b39f0c
4db273307cae132b3f91fa9cd8d7e101,c24cd76e1ce41366a4bbe8a49b02a028,577bcc914f9e55d5e4e4f82f9f00e7d4,2023-11-18,5e992b263956d65cf3a3f3161ff7b272
00eae85ed7d842cd2928b3f59244a3c0,afdec7005cc9f14302cd0474fd0f3c96,11b9842e0a271ff252c1903e7132cd68,2023-11-19,15d4e891d784977cacbfcbb00c48f133
d9600c66a7400a40338d88180638d799,ca9c267dad0305d1a6308d2a0cf1c39c,37bc2f75bf1bcfe8450a1a41c200364c,2023-11-19,4513c30b7d281d3bd5b6f91ddb1f61b9
2f67754afedf9619c90eb3d42b8df9dc,afda332245e2af431fb7b672a68b659d,496e05e1aea0a9c4655800e8a7b9ea28,2023-11-19,19485224d128528da1602ca47383f078
7a0f662fb4fff9f4b5ba4096b83207da,04ecb1fa28506ccb6f72b12c0245ddbc,b2eb7349035754953b57a32e2841bda5,2023-11-19,948f847055c6bf156997ce9fb59919be
90de29fe16024d6a0f12cd4b95023584,062ddb6c727310e76b6200b7c71f63b5,8e98d81f8217304975ccb23337bb5761,2023-11-19,6b3c49bdba5be0d322334e30c459f8bd
7b4cefae8c0a56e9b6243c90bbcfdeb0,59c33016884a62116be975a9bb8257e3,a8c88a0055f636e4a163a5e3d16adab7,2023-11-20,8396b14c5dff55d13eea57487bf8ed26
c72e7c89bb0b976fa9487d433e2f3edd,1587965fb4d4b5afe8428a4a024feb0d,eddea82ad2755b24c4e168c5fc2ebd40,2023-11-21,8abfe8ac9ec214d68541fcb888c0b4c3
e3db4125575d043af035db726c2e8495,92262bf907af914b95a0fc33c3f33bf6,06eb61b839a0cefee4967c67ccb099dc,2023-11-21,ae502204564aafbffb712be630e3910b
92b48e9d9cef814b809d111dc4d86c0d,0777d5c17d4066b82ab86dff8a46af6f,9dfcd5e558dfa04aaf37f137a1d9d3e5,2023-11-21,3dde889723e33ace6af907cd5cc8e187
d7f9b2be473e0ec2c2f36ceacbf9b138,2f55707d4193dc27118a0f19a1985716,950a4152c2b4aa3ad78bdd6b366cc179,2023-11-21,4e2ecebbfafe27a7c00e0462fad0873a
48bce4a6916c0c5045bc4722e7971f2c,aba3b6fd5d186d28e06ff97135cade7f,158f3069a435b314a80bdcb024f8e422,2023-11-21,c4c455df3c54f292ae22f6791fd2553e
1f350f401dc4d8f8f16fa8d9b100c89b,3871bd64012152bfb53fdf04b401193f,758874998f5bd0c393da094e1967a72b,2023-11-21,48bea99c85bcbaaba618ba10a6f69e44
d2ed83c6228d9082ae017c5d2daf5bc1,766ebcd59621e305170616ba3d3dac32,ad13a2a07ca4b7642959dc0c4c740ab6,2023-11-22,4e4551a346eb4ca8e91a4651036c5aa9
89f72b8e606eaae73c49502b13efe73b,70efdf2ec9b086079795c442636b55fb,3fe94a002317b5f9259f82690aeea4cd,2023-11-22,fc76150735dde1d2d860aeb77ee2009e
b7c51c804ae660cc02b9498460b84346,ba3866600c3540f67c1e9575e213be0a,5b8add2a5d98b1a652ea7fd72d942dac,2023-11-22,c28180798c5c9bc681b3b23b2b4ce398
847b6e024e23724999f2e4315aa6391b,e7b24b112a44fdd9ee93bdf998c6ca0e,432aca3a1e345e339f35a30c8f65edce,2023-11-23,ba638ebf561da3b2313e5d7955c55ea9
472c21975a1dca51f7f3e827fa3e2296,a684eceee76fc522773286a895bc8436,8d3bba7425e7c98c50f52ca1b52d3735,2023-11-23,371bce7dc83817b7893bcdeed13799b5
f9924ad6d71e88bdd4f019d65d803b4d,496e05e1aea0a9c4655800e8a7b9ea28,320722549d1751cf3f247855f937b982,2023-11-23,e6ff107459d435e38b54ad4c06202c33
19d74d16feb4cd62b3d7d174d9d67a36,39461a19e9eddfb385ea76b26521ea48,caf1a3dfb505ffed0d024130f58c5cfa,2023-11-23,79e785d63f00348ff360d5a86528580b
5ad9ebaaad07bbcee336db2103ce4d4a,04ecb1fa28506ccb6f72b12c0245ddbc,5737c6ec2e0716f3d8a7a5c4e0de0d9a,2023-11-23,c86a7ee3d8ef0b551ed58e354a836f2b
d3b99992358702aef716b37be6f26f4b,704afe073992cbe4813cae2f7715336f,bc6dc48b743dc5d013b1abaebd2faed2,2023-11-23,c89e6d59f9753e53018cf8de933c1aaa
abd11deea676566f4361e6ebaf14b92a,fe7ee8fc1959cc7214fa21c4840dff0a,f2fc990265c712c49d51a18a32b39f0c,2023-11-24,c900ced7451da79502d29aa37ebb7b60
a5487a846409e063d7edf66ea0a5d6f4,1e48c4420b7073bc11916c6c1de226bb,89f0fd5c927d466d6ec9a21b9ac34ffa,2023-11-24,8a1ee9f2b7abe6e88d1a479ab6a42c5e
0951b98c6b5ae42560005b0beb684ff2,0f96613235062963ccde717b18f97592,a666587afda6e89aec274a3657558a27,2023-11-24,0beb34df7e9615cd43b9090989ca4848
c6a107f8d17fa656ade291ed1e05a426,cbb6a3b884f4f88b3a8e3d44c636cbd8,b83aac23b9528732c23cc7352950e880,2023-11-24,717e15ebeb12bbe8061ef3c21578f463
e4ddf052d2d7d914a63429d3504a4f65,94f6d7e04a4d452035300f18b984988c,cd00692c3bfe59267d5ecfac5310286c,2023-11-24,11d867796d85db8cad5280ac44cec7c1
940fccd611299907b76b7a3dc4547ecc,1f50893f80d6830d62765ffad7721742,6faa8040da20ef399b63a72d0e4ab575,2023-11-24,f4beeba0dd6c190c6ac02f85e7b3691c
0b53147102cb46b13310e87cac34f31c,abd815286ba1007abfbb8415b83ae2cf,fe73f687e5bc5280214e0486b273a5f9,2023-11-24,85f66a7cda62391535fa2bd56811b806
6629ac47e04198d46e6db11993d0fab8,67d16d00201083a2b118dd5128dd6f59,6da37dd3139aa4d9aa55b8d237ec5d4a,2023-11-24,3f7f7794da20d537bf1da2e615ce82e5
da86a80fbdb72231961d7aff6588a0c5,eddb904a6db773755d2857aacadb1cb0,c042f4db68f23406c6cecf84a7ebb0fe,2023-11-24,69adc1e107f7f7d035d7baf04342e1ca
12a2bb30883aa39a1fc4cd9b21b2064b,4da04049a062f5adfe81b67dd755cecc,310dcbbf4cce62f762a2aaa148d556bd,2023-11-24,c333bad2a8b45d3c30902945bd98f699
999140e833b0f6cc6ddb144a301691d3,287e03db1d99e0ec2edb90d079e142f3,2f2b265625d76a6704b08093c652fd79,2023-11-24,bc573864331a9e42e4511de6f678aa83
4cfb4a0b10837aed9db9d8df5107a9c9,db576a7d2453575f29eab4bac787b919,f9b902fc3289af4dd08de5d1de54f68f,2023-11-24,a61f27ab2165df0e18cc9433bd7f27c5
be052c8e48b5a009571aa3a35f5c2d23,e58cc5ca94270acaceed13bc82dfedf7,6855456e2fe46a9d49d3d3af4f57443d,2023-11-24,54ee290e80589a2a1225c338a71839f5
bf5b695e9b26b01a2c6942b4e84a34fd,34ed066df378efacc9b924ec161e7639,357a6fdf7642bf815a88822c447d9dc4,2023-11-24,4b7f871c66be5ac7630c27bb5e21fe7f
9c6e9646a5c715f3a71c2ec45d17d067,9dcb88e0137649590b755372b040afad,819f46e52c25763a55cc642422644317,2023-11-24,6804c9bca0a615bdb9374d00a9fcba59
d1fdc43624c7984e64c25723eaeb1b3b,062ddb6c727310e76b6200b7c71f63b5,04025959b191f8f9de3f924f0940515f,2023-11-24,e40bd8dcd68f31945a04bc8fafca88fc
2a36036c82c39ba4ad2a9cb4b8e7a006,b73ce398c39f506af761d2277d853a92,40008b9a5380fcacce3976bf7c08af5b,2023-11-24,5a142a55461d5fef016acfb927fee0bd
4b490e2e8dd896cba2b4fd433c89ea5f,4e732ced3463d06de0ca9a15b6153677,3dd48ab31d016ffcbf3314df2b3cb9ce,2023-11-24,e64928412aae022e2c27456df62dda09
3fb9e0ce7500bedc8d9a346cb08d7409,c6e19e830859f2cb9f7c8f8cacb8d2a6,58238e9ae2dd305d79c2ebc8c1883422,2023-11-24,1a3650aedfdd3a21444047ed2d89458f
f48b6b995a0c6f1c1a480e456ae3ee47,9de6d14fff9806d4bcd1ef555be766cd,3ad7c2ebb96fcba7cda0cf54a2e802f5,2023-11-25,040d45ccc13c070fcec9d46ccd0cc543
cbc4acd6458db435f9e76a56db7af9ff,f5deaeeae1538fb6c45901d524ee2f98,b3967a0e938dc2a6340e258630febd5a,2023-11-25,41bcfd9ab658ebaac1661f58080aad6b
98c1722eb6b650bb461b9242a26aa3df,c81e728d9d4c2f636f067f89cc14862c,d81f9c1be2e08964bf9f24b15f0e4900,2023-11-25,d28a3097fa7cf63ad01c4f328314e2f2
de577cba9bd7e03e7c6210f064d62392,d736bb10d83a904aefc1d6ce93dc54b8,13f9896df61279c928f19721878fac41,2023-11-25,de73998802680548b916f1947ffbad76
6e23bbd3f6fb543fcf301a3b6e4ed3ef,4f4adcbf8c6f66dcfc8a3282ac2bf10a,c5ff2543b53f4cc0ad3819a36752467b,2023-11-25,ab73f542b6d60c4de151800b8abc0a6c
b635dd92ac7bbdf702a031aa73c6c152,35051070e572e47d2c26c241ab88307f,01386bd6d8e091c2ab4c7c7de644d37b,2023-11-25,03afdbd66e7929b125f8597834fa83a4
d7da44991e9bc194c1932b01ecf37d68,db576a7d2453575f29eab4bac787b919,0bb4aec1710521c12ee76289d9440817,2023-11-25,23e582ad8087f2c03a5a31c125123f9a
1bd36d9fce273abf3e8a39d796211d2b,f4dd765c12f2ef67f98f3558c282a9cd,9de6d14fff9806d4bcd1ef555be766cd,2023-11-25,c254e7753095807e1cca159e48eceb21
866bdb3ad3f95f63454d3ab974a49be5,299a23a2291e2126b91d54f3601ec162,efe937780e95574250dabe07151bdc23,2023-11-25,e261489ab942429a6600c1c4121ac14d
db4e964b56f1956f230adc46ae840c28,9bf31c7ff062936a96d3c8bd1f8f2ff3,371bce7dc83817b7893bcdeed13799b5,2023-11-26,ee3dd1c2669f11eabe41d99571167c74
ecb27538e5672444a6f718898a2fe53d,4da04049a062f5adfe81b67dd755cecc,138bb0696595b338afbab333c555292a,2023-11-26,94e0f06fdc8dfe25346c8e5a103a34ff
f77c5338ab0384095c99b0c287b00c74,a8f15eda80c50adb0e71943adc8015cf,8dd48d6a2e2cad213179a3992c0be53c,2023-11-26,faad95253aee7437871781018bdf3309
7c6b172bc59a37bbf5bc426e6d7b3def,f85454e8279be180185cac7d243c5eb3,82cec96096d4281b7c95cd7e74623496,2023-11-26,b1300291698eadedb559786c809cc592
e0ce26ccfeb3119d14b6213a64a1f8d4,9ad6aaed513b73148b7d49f70afcfb32,6c524f9d5d7027454a783c841250ba71,2023-11-26,3baa271bc35fe054c86928f7016e8ae6
70763be8088f103a363c8e9025a0beac,8c235f89a8143a28a1d6067e959dd858,fb7b9ffa5462084c5f4e7e85a093e6d7,2023-11-26,c09b1eadea0efc7914f73ac698494b5e
7bfb844c65d765a2a824ebcc287831e5,142949df56ea8ae0be8b5306971900a4,aa942ab2bfa6ebda4840e7360ce6e7ef,2023-11-26,8153349b1eb6f6c01622d4f395993bfe
5e94869459ec14d3497743379a670b9d,2f29b6e3abc6ebdefb55456ea6ca5dc8,c058f544c737782deacefa532d9add4c,2023-11-26,3c56fe2f24038c4d22b9eb0aca78f590
022abde52f97f976871c59521e69893c,2823f4797102ce1a1aec05359cc16dd9,e7b24b112a44fdd9ee93bdf998c6ca0e,2023-11-26,ea81a3d20bf98ef2c9bef9dc24ec777a
3e241ab916e01e88dc59136e127f18bf,298923c8190045e91288b430794814c4,52720e003547c70561bf5e03b95aa99f,2023-11-26,609e9d4bcc8157c00808993f612f1acd
19ab4b850a70f69ceff3890be5f74757,15de21c670ae7c3f6f3f1f37029303c9,c3e878e27f52e2a57ace4d9a76fd9acf,2023-11-26,12e59a33dea1bf0630f46edfe13d6ea2
4a6c46a3d6d70f05806b948211f29507,dd8eb9f23fbd362da0e3f4e70b878c16,00411460f7c92d2124a67ea0f4cb5f85,2023-11-26,b4aa00bc1c59b9d1cdd07479070e355e
438198a43f23900bb1b95bf13638f522,0c74b7f78409a4022a2c4c5a5ca3ee19,bac9162b47c56fc8a4d2a519803d51b3,2023-11-26,19702ce80aa823cd508f85c0034a7e97
4b52bb8862086e505a6cfc06b00a2870,addfa9b7e234254d26e9c7f2af1005cb,9be40cee5b0eee1462c82c6964087ff9,2023-11-26,c024d58ad478410893cbbe4da74c9f4a
24b8d6645bacb4a2cc718d26cca3e621,e5841df2166dd424a57127423d276bbe,5ef698cd9fe650923ea331c15af3b160,2023-11-26,8d749ea54f6657b0396c204d3148da60
01685cd3f7d2127fe4aff6f08598b235,3435c378bb76d4357324dd7e69f3cd18,05049e90fa4f5039a8cadc6acbb4b2cc,2023-11-26,f5ac21cd0ef1b88e9848571aeb53551a
7aae89dd757db92f06280844d6086111,a67f096809415ca1c9f112d96d27689b,cf004fdc76fa1a4f25f62e0eb5261ca3,2023-11-26,ca1d3153a1cf0ed998d4879fbb50d9ab
cf595c128af2ca292a063f980c12311e,24b16fede9a67c9251d3e7c7161c83ac,0c74b7f78409a4022a2c4c5a5ca3ee19,2023-11-27,fc49306d97602c8ed1be1dfbf0835ead
249e8947d392b414a4adbd488f081015,c361bc7b2c033a83d663b8d9fb4be56e,d709f38ef758b5066ef31b18039b8ce5,2023-11-27,54072f485cdb7897ebbcaf7525139561
9b8816aa0f56187df3a18818e15f116c,eaae339c4d89fc102edd9dbdb6a28915,41f1f19176d383480afa65d325c06ed0,2023-11-27,9773d3352e206fef3df91b8757d63b67
f2dd4a912d94f2428126db614de311e4,04025959b191f8f9de3f924f0940515f,24b16fede9a67c9251d3e7c7161c83ac,2023-11-27,59f8c60b48c6ee178ca96d1e88e0460a
92dc11c89feffb8754bd9a4e5873b693,c3c59e5f8b3e9753913f4d435b53c308,ffd52f3c7e12435a724a8f30fddadd9c,2023-11-27,1ba0846587744383fa518b7e642ff632
f9d26ff0e5267bf5f8141c951f227388,c15da1f2b5e5ed6e6837a3802f0d1593,ad972f10e0800b49d76fed33a21f6698,2023-11-27,dae3312c4c6c7000a37ecfb7b0aeb0e4
74d4d6372c6dfd4ae35aff272509691c,4d2e7bd33c475784381a64e43e50922f,f61d6947467ccd3aa5af24db320235dd,2023-11-27,9399e0b02c73fcc14cd11d9b4e685f2e
2c59f9e9b3408e7d1b799614b2642a32,ccc0aa1b81bf81e16c676ddb977c5881,142949df56ea8ae0be8b5306971900a4,2023-11-27,73dd2e5d59ee0b29b52058d4393b170f
666e71bbca40652fe5963f3c0e50fbd7,06eb61b839a0cefee4967c67ccb099dc,d34ab169b70c9dcd35e62896010cd9ff,2023-11-27,964d180ea80d672a811ed3b56da0b05e
230054ee485b64bd4aa3c2ab70002a37,8fe0093bb30d6f8c31474bd0764e6ac0,8bf1211fd4b7b94528899de0a43b9fb3,2023-11-28,8c3c27ac7d298331a1bdfd0a5e8703d3
4e15da4843e4114ded787aac067a8067,f9b902fc3289af4dd08de5d1de54f68f,a02ffd91ece5e7efeb46db8f10a74059,2023-11-28,afdec7005cc9f14302cd0474fd0f3c96
40f2ea1b2dbf204c71a55280cc9220b9,556f391937dfd4398cbac35e050a2177,bca82e41ee7b0833588399b1fcd177c7,2023-11-28,7250eb93b3c18cc9daa29cf58af7a004
6b9e837eac893931331f9a103378db4d,20d135f0f28185b84a4cf7aa51f29500,00ec53c4682d36f5c4359f4ae7bd7ba1,2023-11-28,9365ae980268ef00988a8048fa732226
710825d7b549ca7b1fc792e7d49583e1,3493894fa4ea036cfc6433c3e2ee63b0,4f6ffe13a5d75b2d6a3923922b3922e5,2023-11-28,d84210a75448034bcc4947005695c306
abc6b9000bbbad5927ffe5b29d9f81bd,81448138f5f163ccdba4acc69819f280,beed13602b9b0e6ecb5b568ff5058f07,2023-11-28,915e3742d51cb477268ba29275c3ce09
c26e27e5efa34511670300560434aad0,acf4b89d3d503d8252c9c4ba75ddbf6d,0584ce565c824b7b7f50282d9a19945b,2023-11-28,1f1baa5b8edac74eb4eaa329f14a0361
aa0b75773fe1510c591090652656ecb3,072b030ba126b2f4b2374f342be9ed44,dc912a253d1e9ba40e2c597ed2376640,2023-11-28,3dd48ab31d016ffcbf3314df2b3cb9ce
b2e1c68f6f4b8857fca84914e8c48372,e44fea3bec53bcea3b7513ccef5857ac,39461a19e9eddfb385ea76b26521ea48,2023-11-28,f2ece8b7033187c53bdec16c369964e7
45b0f887aaf57b954a56b53892af69b2,4f284803bd0966cc24fa8683a34afc6e,8efb100a295c0c690931222ff4467bb8,2023-11-28,6fbd841e2e4b2938351a4f9b68f12e6b
f3c517d00de5cc94582bd52259c3452b,15de21c670ae7c3f6f3f1f37029303c9,d9fc5b73a8d78fad3d6dffe419384e70,2023-11-28,fcdf698a5d673435e0a5a6f9ffea05ca
a289b66fd7ecbdd0980aad106603f3de,7e7e69ea3384874304911625ac34321c,c86a7ee3d8ef0b551ed58e354a836f2b,2023-11-28,383beaea4aa57dd8202dbff464fee3af
2f34d44d767673e9a6b44d15619a799f,04ecb1fa28506ccb6f72b12c0245ddbc,a01a0380ca3c61428c26a231f0e49a09,2023-11-28,5de8a36008b04a6167761fa19b61aa6c
8a290b2f24d091b6ad02f4211281bf1f,fc49306d97602c8ed1be1dfbf0835ead,5a4b25aaed25c2ee1b74de72dc03c14e,2023-11-29,cf9b2d0406020c56599f9a93708832b5
7193bbaae977e34ae6dfcfe5472aa5de,99bcfcd754a98ce89cb86f73acc04645,f73b76ce8949fe29bf2a537cfa420e8f,2023-11-29,2b6d65b9a9445c4271ab9076ead5605a
6505b2de54a307c90cc17b100ae64e8f,d6ef5f7fa914c19931a55bb262ec879c,70c639df5e30bdee440e4cdf599fec2b,2023-11-29,4cea2358d3cc5f8cd32397ca9bc51b94
d10d8b323ec82e3c77fb5cddcee2ae56,903ce9225fca3e988c2af215d4e544d3,28f0b864598a1291557bed248a998d4e,2023-11-29,73e0f7487b8e5297182c5a711d20bf26
6a6ce8a5fd83a0c0f07986ba457f08f7,7e7757b1e12abcb736ab9a754ffb617a,1543843a4723ed2ab08e18053ae6dc5b,2023-11-29,15fa1fad1fc582dd65403f6f950b1e21
626211cfedd18ae6ea6a6b36efe99636,11b9842e0a271ff252c1903e7132cd68,f8c1f23d6a8d8d7904fc0ea8e066b3bb,2023-11-29,1b113258af3968aaf3969ca67e744ff8
4f4267b557db7cb7cc653c3779452b6c,006f52e9102a8d3be2fe5614f42ba989,e46de7e1bcaaced9a54f1e9d0d2f800d,2023-11-29,1a336426e09602a4f0118326dd6c72ac
96bcf24bfe100b8f2e858f65311e89dd,4f16c818875d9fcb6867c7bdc89be7eb,b7b16ecf8ca53723593894116071700c,2023-11-29,69dd2eff9b6a421d5ce262b093bdab23
8e059a860459efc549a42d65f449a17c,9246444d94f081e3549803b928260f56,352fe25daf686bdb4edca223c921acea,2023-11-29,bca82e41ee7b0833588399b1fcd177c7
650ea538a13f8e38ac7a68e18b88f4b0,202cb962ac59075b964b07152d234b70,18d8042386b79e2c279fd162df0205c8,2023-11-29,aa942ab2bfa6ebda4840e7360ce6e7ef
28646cccbeea1b31ddc3c0fd6bed874c,c51ce410c124a10e0db5e4b97fc2af39,816b112c6105b3ebd537828a39af4818,2023-11-29,daaaf13651380465fc284db6940d8478
383088689cedfc44a0b3203c92568ef9,d1f491a404d6854880943e5c3cd9ca25,69cb3ea317a32c4e6143e665fdb20b14,2023-11-29,f3d9de86462c28781cbe5c47ef22c3e5
b1c3df5980ae8c5372f9c6e9c92edd5a,df877f3865752637daa540ea9cbc474f,bbf94b34eb32268ada57a3be5062fe7d,2023-11-29,06cdc05791b8af29eed72084f39143c7
64277c7230e0dbec9803e9b5e9b04072,5e9f92a01c986bafcabbafd145520b13,4f4adcbf8c6f66dcfc8a3282ac2bf10a,2023-11-29,e97a4f04ef1b914f6a1698caa364f693
6333f8cfafe2ada8cc9a2860b1fd6763,db8e1af0cb3aca1ae2d0018624204529,bbcbff5c1f1ded46c25d28119a85c6c2,2023-11-30,258be18e31c8188555c2ff05b4d542c3
940ed9871b6dffbeee874cbf9a318743,912d2b1c7b2826caf99687388d2e8f7c,8cb22bdd0b7ba1ab13d742e22eed8da2,2023-11-30,b4f8e5c5fb53f5ba81072451531d5460
599a87a217ca63b384897881deb7ddc3,c7635bfd99248a2cdef8249ef7bfbef4,f4f6dce2f3a0f9dada0c2b5b66452017,2023-11-30,3a1f85dfef891b2a3685ccb35efa807e
a9eec86e213c7455c4793ec79e98962e,d96409bf894217686ba124d7356686c9,0d0fd7c6e093f7b804fa0150b875b868,2023-11-30,75fc093c0ee742f6dddaa13fff98f104
7da32203b91f01862635181193c41c54,b6d767d2f8ed5d21a44b0e5886680cb9,a96b65a721e561e1e3de768ac819ffbb,2023-11-30,9ef2ed4b7fd2c810847ffa5fa85bce38
8ddffb8edcb80260e856423206156ec0,cfa0860e83a4c3a763a7e62d825349f7,1068c6e4c8051cfd4e9ea8072e3189e2,2023-11-30,3d816b6235b7f8751305f990bdb8c887
b72cf7ec61266bdaf3f822eeea88c3d6,4ea06fbc83cdd0a06020c35d50e1e89a,17d63b1625c816c22647a73e1482372b,2023-11-30,03b2ceb73723f8b53cd533e4fba898ee
5abe32caf2f2f62fcf95967ced66754e,39461a19e9eddfb385ea76b26521ea48,b9228e0962a78b84f3d5d92f4faa000b,2023-11-30,3f00f874e9837b0ec850a34c85432d66
dafd0493aabf0c75072ab9ef45299a8c,c3992e9a68c5ae12bd18488bc579b30d,0deb1c54814305ca9ad266f53bc82511,2023-11-30,68dfff284e90ee47fcc6b4941047edad
c4574012ea489736326820455b3465c8,1141938ba2c2b13f5505d7c424ebae5f,66808e327dc79d135ba18e051673d906,2023-12-01,08e5d8066881eab185d0de9db3b36c7f
ba1b6f29ce7435b526ca4b472dddd5cf,8cb22bdd0b7ba1ab13d742e22eed8da2,42e7aaa88b48137a16a1acd04ed91125,2023-12-02,7b5b23f4aadf9513306bcd59afb6e4c9
ac182689e261a9602273aca14d3c717e,d8700cbd38cc9f30cecb34f0c195b137,8fe0093bb30d6f8c31474bd0764e6ac0,2023-12-02,e698959e9b93e4de823526327ffed84a
4baf0766ab911f68f4983a9cad70c629,4daa3db355ef2b0e64b472968cb70f0d,41ae36ecb9b3eee609d05b90c14222fb,2023-12-02,fd8c07a31f8a85910ad8476f5f7efb27
b19600c31d1c6aadab0f8d182f63f46f,85422afb467e9456013a2a51d4dff702,d1f255a373a3cef72e03aa9d980c7eca,2023-12-02,0a2298a72858d90d5c4b4fee954b6896
d1a63f6a5f6462bfeaf688724658cfa8,82cec96096d4281b7c95cd7e74623496,7eacb532570ff6858afd2723755ff790,2023-12-02,76bba5ee241042431796c97a92e64f5d
e47cdef99cfb48fb40a45b1beb538045,68d13cf26c4b4f4f932e3eff990093ba,b6f0479ae87d244975439c6124592772,2023-12-02,d7322ed717dedf1eb4e6e52a37ea7bcd
ece5c95ee529cc0cb962c27c3ad46e7c,aace49c7d80767cffec0e513ae886df0,e0c641195b27425bb056ac56f8953d24,2023-12-02,d6288499d0083cc34e60a077b7c4b3e1
a57a9ec0d4e4ea60ad68cb333761865f,85422afb467e9456013a2a51d4dff702,f85454e8279be180185cac7d243c5eb3,2023-12-02,ea6979872125d5acbac6068f186a0359
7e603b249e2992ba48254038cbccc90c,0b8aff0438617c055eb55f0ba5d226fa,faa9afea49ef2ff029a833cccc778fd0,2023-12-02,cd4bb35c75ba84b4f39e547b1416fd35
54ded2f195f4263fc67edb9ab1fcffd4,854d9fca60b4bd07f9bb215d59ef5561,3c7781a36bcd6cf08c11a970fbe0e2a6,2023-12-02,1ae5168b14a6091d623291902ac36e7c
9bdf373b9959e3755c7755f4608453a5,07563a3fe3bbe7e3ba84431ad9d055af,25b2822c2f5a3230abfadd476e8b04c9,2023-12-02,cd4bb35c75ba84b4f39e547b1416fd35
991b4bff18d1084ceed49e4d9cd6aee1,352fe25daf686bdb4edca223c921acea,6ecbdd6ec859d284dc13885a37ce8d81,2023-12-02,aeecc5a9c646444f00978ed43e747a96
40c3e30d693972aa154fb78e65269c20,b7bb35b9c6ca2aee2df08cf09d7016c2,18997733ec258a9fcaf239cc55d53363,2023-12-02,cac8e13055d2e4f62b6322254203b293
856205c8d001d946f7602745be026a44,31839b036f63806cba3f47b93af8ccb5,8d7d8ee069cb0cbbf816bbb65d56947e,2023-12-02,de594ef5c314372edec29b93cab9d72e
3e8ff52f724dbd7a2498009d7c835058,d1f255a373a3cef72e03aa9d980c7eca,75fc093c0ee742f6dddaa13fff98f104,2023-12-02,41071a1452b40720449779a233716395
fb1d76b2d76e64db744e4a236eedd0df,8597a6cfa74defcbde3047c891d78f90,f74909ace68e51891440e4da0b65a70c,2023-12-02,303ed4c69846ab36c2904d3ba8573050
26157f5644e1fd6f266be98bfe42f740,cd758e8f59dfdf06a852adad277986ca,66368270ffd51418ec58bd793f2d9b1b,2023-12-02,a4ed074907dc9bc3c86cc52904d763e3
cd106b9068f1babcf3a130a605251a1a,da8ce53cf0240070ce6c69c48cd588ee,248e844336797ec98478f85e7626de4a,2023-12-02,77983cf4f308d34fe7865a10a25ae39d
804f1c654e333f5dacd240905d52e5ff,8a3363abe792db2d8761d6403605aeb7,019d385eb67632a7e958e23f24bd07d7,2023-12-02,84f0f20482cde7e5eacaf7364a643d33
1d3bdd7195af58f344af73cd03aa3dc9,dc82d632c9fcecb0778afbc7924494a6,a49e9411d64ff53eccfdd09ad10a15b3,2023-12-03,1592104031ceaa405b8a103c399e2633
02e25da388630089a2153c3a67652ea4,e0ec453e28e061cc58ac43f91dc2f3f0,ddb30680a691d157187ee1cf9e896d03,2023-12-03,a851bd0d418b13310dd1e5e3ac7318ab
1600756d71f9baf2994083670cd446b0,2de5d16682c3c35007e4e92982f1a2ba,2421fcb1263b9530df88f7f002e78ea5,2023-12-03,fd95ec8df5dbeea25aa8e6c808bad583
39a89f6555c890a79df9c380f9351601,23ce1851341ec1fa9e0c259de10bf87c,fccb60fb512d13df5083790d64c4d5dd,2023-12-03,9c3b1830513cc3b8fc4b76635d32e692
b8fc6c030a52f7cf8c1f0e6aa852abcb,31857b449c407203749ae32dd0e7d64a,1651cf0d2f737d7adeab84d339dbabd3,2023-12-03,4e093aa7417fe0881bc5fbda7322a74e
a8b49357ed0910ae581d8d7aea389d94,b495ce63ede0f4efc9eec62cb947c162,eed5af6add95a9a6f1252739b1ad8c24,2023-12-03,752356ce55e0b436a9027914cb7e18a7
e676f98571883fdb694250c2f0344516,e19347e1c3ca0c0b97de5fb3b690855a,a8abb4bb284b5b27aa7cb790dc20f80b,2023-12-03,58c54802a9fb9526cd0923353a34a7ae
198ac5d4706dad4bb3abfec109d0c2ba,03afdbd66e7929b125f8597834fa83a4,15d4e891d784977cacbfcbb00c48f133,2023-12-03,532435c44bec236b471a47a88d63513d
70283bc91fcca2c15fbcfde90381a6d0,9e3cfc48eccf81a0d57663e129aef3cb,c203d8a151612acf12457e4d67635a95,2023-12-04,cae7115f44837c806c9b23ed00a1a28a
226b30ed2ccb02f278afb967a6389601,e6cb2a3c14431b55aa50c06529eaa21b,13f3cf8c531952d72e5847c4183e6910,2023-12-04,38840678620308eadd98d8632df3d6d4
055e46e13187e530b1c9644c19a9ceeb,70c639df5e30bdee440e4cdf599fec2b,550a141f12de6341fba65b0ad0433500,2023-12-04,4b4c6c207e1e59c5af70b3b4c7b46c5a
fb623f1fdf58f508c05783f3963a4a81,6c3cf77d52820cd0fe646d38bc2145ca,67f7fb873eaf29526a11a9b7ac33bfac,2023-12-04,6351bf9dce654515bf1ddbd6426dfa97
56e3c1b4477703722a0fc558a998e4d3,efe937780e95574250dabe07151bdc23,1a5b1e4daae265b790965a275b53ae50,2023-12-04,d1359f9934ee5a75ed441ffce412a0a1
3c6e1866f52e70871d933e2a401e355d,9b70e8fe62e40c570a322f1b0b659098,9a96876e2f8f3dc4f3cf45f02c61c0c1,2023-12-04,2952351097998ac1240cb2ab7333a3d2
bb93f42f064f0605bc46f6a0b12a199c,8d6dc35e506fc23349dd10ee68dabb64,9b70e8fe62e40c570a322f1b0b659098,2023-12-04,ab2ce2a4bbb59dab4f43dada87ef0e23
41c9b06c1bdfdb310d08dd6ce03415ad,5ef698cd9fe650923ea331c15af3b160,d61e4bbd6393c9111e6526ea173a7c8b,2023-12-04,c96ebeee051996333b6d70b2da6191b0
4fd9cd52a850bb421575fde09714ef33,6f2268bd1d3d3ebaabb04d6b5d099425,f5f8590cd58a54e94377e6ae2eded4d9,2023-12-04,d9bd3e8809c72d9493d84928ab8c4497
bb3446e6f7817b04dfd7736c2d67d35b,7a614fd06c325499f1680b9896beedeb,941e1aaaba585b952b62c14a3a175a61,2023-12-04,2fd5d41ec6cfab47e32164d5624269b1
ff940102849ba1f9d49ff64f2eca75ea,26588e932c7ccfa1df309280702fe1b5,9431c87f273e507e6040fcb07dcb4509,2023-12-05,d1a21da7bca4abff8b0b61b87597de73
a45c8ca7a1f8c92a9dc6ef6c3235b152,feab05aa91085b7a8012516bc3533958,49ae49a23f67c759bf4fc791ba842aa2,2023-12-05,020c8bfac8de160d4c5543b96d1fdede
40dacdb3d43c904640e5a80a2288084f,708f3cf8100d5e71834b1db77dfa15d6,e44fea3bec53bcea3b7513ccef5857ac,2023-12-05,9996535e07258a7bbfd8b132435c5962
d17cd922127a693eb1f9c3db6a8e9de0,f4573fc71c731d5c362f0d7860945b88,821fa74b50ba3f7cba1e6c53e8fa6845,2023-12-05,6338b003419816b5997ca4ee479935f8
0b7069fc6fcf07a6098c22b725f4a09d,5c936263f3428a40227908d5a3847c0b,250cf8b51c773f3f8dc8b4be867a9a02,2023-12-05,77b88288ebae7b17b7c8610a48c40dd1
2c7f8e182c4c0e8a736a04708f7fb972,a9a1d5317a33ae8cef33961c34144f84,42998cf32d552343bc8e460416382dca,2023-12-05,bd470ca955d9497bbcb808e59952fffc
7322bc2cd600c299c42f24577ccc48d7,3bf55bbad370a8fcad1d09b005e278c2,d07e70efcfab08731a97e7b91be644de,2023-12-05,6c468ec5a41d65815de23ec1d08d7951
fc411620198f02964d3b5095321dc5dd,7b13b2203029ed80337f27127a9f1d28,7fe1f8abaad094e0b5cb1b01d712f708,2023-12-05,244c14ea3d510ea640df31ff78b3158a
343e01fc917ea5cbaa789d7be5999760,6d0f846348a856321729a2f36734d1a7,98b297950041a42470269d56260243a1,2023-12-06,c0db7643410e1a667d5e01868827a9af
541bcc72fb9caa5bea0f252d62d26846,4c56ff4ce4aaf9573aa5dff913df997a,0353ab4cbed5beae847a7ff6e220b5cf,2023-12-06,20aee3a5f4643755a79ee5f6a73050ac
da1900cc3d5ef61cb31ed2f49adf8ab1,9cfdf10e8fc047a44b08ed031e1f0ed1,51d92be1c60d1db1d2e5e7a07da55b26,2023-12-06,a6e8ad49045f0bef72fb92d7c4a97fed
988eca263df7cc0272e11d8c7180b11a,13f9896df61279c928f19721878fac41,428fca9bc1921c25c5121f9da7815cde,2023-12-06,8d34201a5b85900908db6cae92723617
6d56b0a0192448967024828704632232,ef0d3930a7b6c95bd2b32ed45989c61f,f1b6f2857fb6d44dd73c7041e0aa0f19,2023-12-06,e275193bc089e9b3ca1aeef3c44be496
27c09f67a6c49a8ca63e935bdfd6fc6f,816b112c6105b3ebd537828a39af4818,68ce199ec2c5517597ce0a4d89620f55,2023-12-06,88059058ba56daa4bf889eb6cdf2e6c1
aed162534faa984540b4286cf4a92a29,eb6fdc36b281b7d5eabf33396c2683a2,e836d813fd184325132fca8edcdfb40e,2023-12-06,2bf0ccdbb4d3ebbcb990af74bd78c658
900e00b38e2aee495090c453fca0f879,0d0fd7c6e093f7b804fa0150b875b868,ab817c9349cf9c4f6877e1894a1faa00,2023-12-06,65cf25ef90de99d93fa96dc49d0d8b3c
3efc3e9e2ac5c45e4a92b2a4895ebd6b,f387624df552cea2f369918c5e1e12bc,877a9ba7a98f75b90a9d49f53f15a858,2023-12-06,73634c1dcbe056c1f7dcf5969da406c8
02e125b4019227342d9fc427e788079a,cdc0d6e63aa8e41c89689f54970bb35f,dc6a6489640ca02b0d42dabeb8e46bb7,2023-12-06,af44c4c56f385c43f2529f9b1b018f6a
7d985f1a9c99893d770401ecb7632010,185c29dc24325934ee377cfda20e414c,26337353b7962f533d78c762373b3318,2023-12-06,7f6ffaa6bb0b408017b62254211691b5
2eb50e12516f97ea3596a762e5d2a0b1,a8ecbabae151abacba7dbde04f761c37,8e6b42f1644ecb1327dc03ab345e618b,2023-12-06,898aef0932f6aaecda27aba8e9903991
1dfdcd1686177dd96385a5f8b314b2cb,a733fa9b25f33689e2adbe72199f0e62,ef575e8837d065a1683c022d2077d342,2023-12-06,a9883e7bb20e56060778cf794125afc4
d767453fa41f8b75046613ef685e5710,6da9003b743b65f4c0ccd295cc484e57,2050e03ca119580f74cca14cc6e97462,2023-12-06,37bc2f75bf1bcfe8450a1a41c200364c
b66078d28d367c9ad82cc6e4adbf7df5,c8ed21db4f678f3b13b9d5ee16489088,25ddc0f8c9d3e22e03d3076f98d83cb2,2023-12-06,31ca0ca71184bbdb3de7b20a51e88e90
ef6dd123cfc810f2e25a91b4279c1e9b,5e9f92a01c986bafcabbafd145520b13,5ef0b4eba35ab2d6180b0bca7e46b6f9,2023-12-06,912d2b1c7b2826caf99687388d2e8f7c
189ace2f98e8a1124e1cf402f807ecfe,470e7a4f017a5476afb7eeb3f8b96f9b,598b3e71ec378bd83e0a727608b5db01,2023-12-06,38db3aed920cf82ab059bfccbd02be6a
8d6c4b27c49790ef218f23c66fc607ce,0efe32849d230d7f53049ddc4a4b0c60,74071a673307ca7459bcf75fbd024e09,2023-12-06,3b922393a3cb462762ff5dd2bec1b20f
a758310d88c3572990cff3fb3436f1e4,e820a45f1dfc7b95282d10b6087e11c0,cfee398643cbc3dc5eefc89334cacdc1,2023-12-07,fc8ce6292e51ac8214f544324c56d10d
a112c981fa54d503de44127cd1940234,53c04118df112c13a8c34b38343b9c10,d18f655c3fce66ca401d5f38b48c89af,2023-12-07,60792d855cd8a912a97711f91a1f155c
a2a6a94490a49cd11bff6373095f851b,f7e9050c92a851b0016442ab604b0488,6ea2ef7311b482724a9b7b0bc0dd85c6,2023-12-08,91394d0fbf2b331b4859ae219f2d6ea6
7dfbbe417566c044e3778f6d81d76595,c410003ef13d451727aeff9082c29a5c,9461cce28ebe3e76fb4b931c35a169b0,2023-12-08,80177fe965b78111f4dfee80cfdc3689
1599baa61b839d41cf668581ae70a11c,20aee3a5f4643755a79ee5f6a73050ac,f770b62bc8f42a0b66751fe636fc6eb0,2023-12-08,900c563bfd2c48c16701acca83ad858a
009b71eca3792f413c9d33131177dbcc,aeb3135b436aa55373822c010763dd54,e1e32e235eee1f970470a3a6658dfdd5,2023-12-08,19a04d6ae3e382a86229740a17307c22
eec39510d63db3aa7fe339d6637fa5ab,ffeabd223de0d4eacb9a3e6e53e5448d,eba0dc302bcd9a273f8bbb72be3a687b,2023-12-08,2612aa892d962d6f8056b195ca6e550d
bdf5f2b1b2e57b3776817ff7ec2383af,83fa5a432ae55c253d0e60dbfa716723,218a0aefd1d1a4be65601cc6ddc1520e,2023-12-08,5d461a9f589b908d63d225c4859a0f1b
9f173967a44f52d4be1eae76428be8a2,160c88652d47d0be60bfbfed25111412,7d04bbbe5494ae9d2f5a76aa1c00fa2f,2023-12-08,0996dd16b0020a17a26b94f4675fd3da
dc1f3055ef3867b62fc8af4ea94a4e91,05049e90fa4f5039a8cadc6acbb4b2cc,a516a87cfcaef229b342c437fe2b95f7,2023-12-08,6c530aae768250b8d9c3c908a13ee287
f23ad959021b5a9113f6efa2649300d6,aba3b6fd5d186d28e06ff97135cade7f,c3c59e5f8b3e9753913f4d435b53c308,2023-12-08,dc5689792e08eb2e219dce49e64c885b
13b532a4e5d4ce1cdec2d5a271c1b812,979d472a84804b9f647bc185a877a8b5,854d9fca60b4bd07f9bb215d59ef5561,2023-12-08,e77dbaf6759253c7c6d0efc5690369c7
cc74db84d824de58cd6766a4bce3996d,72da7fd6d1302c0a159f6436d01e9eb0,c410003ef13d451727aeff9082c29a5c,2023-12-08,d0bb8259d8fe3c7df4554dab9d7da3c9
d52f404d18458733260d59b14068fe0d,ab1a4d0dd4d48a2ba1077c4494791306,559cb990c9dffd8675f6bc2186971dc2,2023-12-08,9f6992966d4c363ea0162a056cb45fe5
fa9a67d50ac2a4fd4be5246fd7220946,2b38c2df6a49b97f706ec9148ce48d86,55a7cf9c71f1c9c495413f934dd1a158,2023-12-08,81374713d991042a0e18865aa693cc24
8df95a0c5061cf049fcecd43f4f8c605,13f320e7b5ead1024ac95c3b208610db,2f55707d4193dc27118a0f19a1985716,2023-12-08,05f971b5ec196b8c65b75d2ef8267331
c4d3f55e6086b8440eb84d173e26c3a3,f9a40a4780f5e1306c46f1c8daecee3b,1be3bc32e6564055d5ca3e5a354acbef,2023-12-08,a4267159aa970aa5a6542bcbb7ef575e
0178ddce6fdcf1225dc35e03a73081fa,e5841df2166dd424a57127423d276bbe,35051070e572e47d2c26c241ab88307f,2023-12-08,a385d7d1e52d89d1a445faa37f5b5307
2af10bcdbf4386ae32497ab9714b05f0,18d8042386b79e2c279fd162df0205c8,b534ba68236ba543ae44b22bd110a1d6,2023-12-08,17d187eaf6157b4e219552d6a187290a
49eaeb0fd695d81666b8d5fef65accb8,1e056d2b0ebd5c878c550da6ac5d3724,7380ad8a673226ae47fce7bff88e9c33,2023-12-09,f47bcedcc5bff372aaddbe08ed8a6b52
c4eacfa4a9ee9bb76591d2c485f0cae2,7dcd340d84f762eba80aa538b0c527f7,05f971b5ec196b8c65b75d2ef8267331,2023-12-09,9b8ef27229c42198631813f1d2f60aaf
0801c65a0479734e99656daecc00b499,0ff39bbbf981ac0151d340c9aa40e63e,3cf166c6b73f030b4f67eeaeba301103,2023-12-09,6fc3d5c19d1dce101093e77b0bb4a365
71d2752cd215e29343ad5eb33a00ad3f,9a96876e2f8f3dc4f3cf45f02c61c0c1,cee631121c2ec9232f3a2f028ad5c89b,2023-12-09,02e656adee09f8394b402d9958389b7d
428944b7176a24d4a1bfe7c90ca7d3bf,44f683a84163b3523afe57c2e008bc8c,5b69b9cb83065d403869739ae7f0995e,2023-12-09,1e51e0f3b6b60070219ccb91bb619a6b
e89a23c3b60050a4a1da7418f2cecce6,838e8afb1ca34354ac209f53d90c3a43,b5b41fac0361d157d9673ecb926af5ae,2023-12-09,1a423f7c07a179ec243e82b0c017a034
c6928b3d56c51136b7e41fbbbf036479,da11e8cd1811acb79ccf0fd62cd58f86,285e19f20beded7d215102b49d5c09a0,2023-12-09,9a0684d9dad4967ddd09594511de2c52
76180d2a13318966f6e7cb07a825f7d7,aeb3135b436aa55373822c010763dd54,b337e84de8752b27eda3a12363109e80,2023-12-09,4c03f769f791d9f1148f3b1e59090473
413cce9210b1247ee24dcbb8e375fb78,ccb0989662211f61edae2e26d58ea92f,e8c0653fea13f91bf3c48159f7c24f78,2023-12-09,ef50c335cca9f340bde656363ebd02fd
23a352eb82d6d513940dda9206dbf49c,8fecb20817b3847419bb3de39a609afe,ff4d5fbbafdf976cfdc032e3bde78de5,2023-12-09,16f8e136ee5693823268874e58795216
953c084ef687218971e05da05aac5ef0,f899139df5e1059396431415e770c6dd,2d6cc4b2d139a53512fb8cbb3086ae2e,2023-12-09,e61eaa38aed621dd776d0e67cfeee366
951b344caf35a13bb27614c9724f6087,cf004fdc76fa1a4f25f62e0eb5261ca3,389bc7bb1e1c2a5e7e147703232a88f6,2023-12-10,e6cc48e3a8db9b618592a86a57960164
8aeb90c5df0581349aafabcf55a96f82,b2f627fff19fda463cb386442eac2b3d,e2230b853516e7b05d79744fbd4c9c13,2023-12-10,f1676935f9304b97d59b0738289d2e22
a6fe9fee362826c9ecedfcf717af0f33,821fa74b50ba3f7cba1e6c53e8fa6845,087408522c31eeb1f982bc0eaf81d35f,2023-12-10,7f39f8317fbdb1988ef4c628eba02591
05d7f3a675c6562209e46df3f0c3e43f,37693cfc748049e45d87b8c7d8b9aacd,a760880003e7ddedfef56acb3b09697f,2023-12-10,dac32839a9f0baae954b41abee610cc0
76b43e2ec5dc0ae4ba34a5d8b6e34902,6a2feef8ed6a9fe76d6b3f30f02150b4,10a7cdd970fe135cf4f7bb55c0e3b59f,2023-12-10,189e3f782cbb3f4cc1ae9702adca884e
1178b0150b0cbb34a4212ac80ae31810,45f31d16b1058d586fc3be7207b58053,3dc4876f3f08201c7c76cb71fa1da439,2023-12-10,5631e6ee59a4175cd06c305840562ff3
c22ebeaddccd208068964fe0a31c8990,df6d2338b2b8fce1ec2f6dda0a630eb0,59b90e1005a220e2ebc542eb9d950b1e,2023-12-10,1cd3882394520876dc88d1472aa2a93f
93630f0756e9ad2e7f202fa4586bcec7,4d2e7bd33c475784381a64e43e50922f,2b8a61594b1f4c4db0902a8a395ced93,2023-12-10,024677efb8e4aee2eaeef17b54695bbe
d15032055115587ab49d216569bffda8,03f544613917945245041ea1581df0c2,f3f27a324736617f20abbf2ffd806f6d,2023-12-10,d42e579306a4869517f243e83a3eab4b
634f60af4ff4a2dd14fe64f3805675e6,b337e84de8752b27eda3a12363109e80,38913e1d6a7b94cb0f55994f679f5956,2023-12-10,3c3c139bd8467c1587a41081ad78045e
db5a13ffdaf8e6e9430e36e2ab48ee7b,afdec7005cc9f14302cd0474fd0f3c96,ebd9629fc3ae5e9f6611e2ee05a31cef,2023-12-10,d4bad256c73a6b25b86cc9c1a77255b1
3d453a43edee5069da95aa4ea1cab19b,28267ab848bcf807b2ed53c3a8f8fc8a,63538fe6ef330c13a05a3ed7e599d5f7,2023-12-10,003dd617c12d444ff9c80f717c3fa982
97559483fc4ef3a0b0a4c3fc186d586b,3988c7f88ebcb58c6ce932b957b6f332,cf67355a3333e6e143439161adc2d82e,2023-12-10,177db6acfe388526a4c7bff88e1feb15
8e4677ca71b8aad6ba19ca74eeb4619a,65b9eea6e1cc6bb9f0cd2a47751a186f,07563a3fe3bbe7e3ba84431ad9d055af,2023-12-10,a9eb812238f753132652ae09963a05e9
7ea87986300d544a0bf9b307c665b6f9,3546ab441e56fa333f8b44b610d95691,53fde96fcc4b4ce72d7739202324cd49,2023-12-10,43a115cbd6f4788924537365be3d6012
2d5573c38f86fb0f2b2dcff36e8cc738,698d51a19d8a121ce581499d7b701668,2bb232c0b13c774965ef8558f0fbd615,2023-12-10,5f7695debd8cde8db5abcb9f161b49ea
ebb3cc0021b45653b8d37d2b38ab5d0e,20f07591c6fcb220ffe637cda29bb3f6,ba2fd310dcaa8781a9a652a31baf3c68,2023-12-10,8452a95c40e2b232acd9b8a8712935d7
5f972d07894eb32904bb865cc00b6a57,a9be4c2a4041cadbf9d61ae16dd1389e,69421f032498c97020180038fddb8e24,2023-12-11,bcb7c13ff9746a60fa8c3e748acd054d
de372dbb1f0173eaf7d50be91ad9d144,8b0dc65f996f98fd178a9defd0efa077,85422afb467e9456013a2a51d4dff702,2023-12-11,8c8566b78ac2b99c542bef8c37cac179
6c1fe4d5dacf128f14a4c1ec0965e3d6,f47330643ae134ca204bf6b2481fec47,13f320e7b5ead1024ac95c3b208610db,2023-12-11,e71e5cd119bbc5797164fb0cd7fd94a4
d1fa1e2b70b9f89e3155fbfd0fc37f25,6cfe0e6127fa25df2a0ef2ae1067d915,f4be00279ee2e0a53eafdaa94a151e2c,2023-12-11,a7f0d2b95c60161b3f3c82f764b1d1c9
86c404f7b0a7ab00d8c43ff5cac1c2cc,c1e39d912d21c91dce811d6da9929ae8,37f0e884fbad9667e38940169d0a3c95,2023-12-11,6aab1270668d8cac7cef2566a1c5f569
be673fbaa0295881c1a7c5274dd89b56,50c3d7614917b24303ee6a220679dab3,d64a340bcb633f536d56e51874281454,2023-12-11,c0a5a65e55124eae3388586316a25f57
40cbe776eee05de8f52edfa1d5037d20,05311655a15b75fab86956663e1819cd,0fcbc61acd0479dc77e3cccc0f5ffca7,2023-12-11,a860a7886d7c7e2a8d3eaac96f76dc0d
f5ae01ea85ad49c259723c76421c27d8,e44fea3bec53bcea3b7513ccef5857ac,298f95e1bf9136124592c8d4825a06fc,2023-12-11,979a3f14bae523dc5101c52120c535e9
03be4f57da63ff38b53e508bb4fe94a2,b495ce63ede0f4efc9eec62cb947c162,df877f3865752637daa540ea9cbc474f,2023-12-11,239f914f30ea3c948fce2ea07a9efb33
25269c5df811d9a4750bb48e1202c3df,92fb0c6d1758261f10d052e6e2c1123c,c399862d3b9d6b76c8436e924a68c45b,2023-12-11,eed4435e296d75fa7280539943113a7d
1f5ae90146aa859647e9f4c084ff5fec,07563a3fe3bbe7e3ba84431ad9d055af,33e8075e9970de0cfea955afd4644bb2,2023-12-11,90918ccd19a67747cadd8dbf8368c742
7eb72ae2ed128099a6931f140c8bf71d,160c88652d47d0be60bfbfed25111412,65658fde58ab3c2b6e5132a39fae7cb9,2023-12-11,c1619d2ad66f7629c12c87fe21d32a58
b8c14cb9fb098a13e4d3df7de78abfa0,5c572eca050594c7bc3c36e7e8ab9550,5ea1649a31336092c05438df996a3e59,2023-12-12,97250eb3250c1fa40a321076d5be217d
de2313ee6ac80f982ea7ae2b0be5095a,eda80a3d5b344bc40f3bc04f65b7a357,7bcdf75ad237b8e02e301f4091fb6bc8,2023-12-13,f93882cbd8fc7fb794c1011d63be6fb6
cdb801839d699c384c5527a8c122237d,b4a528955b84f584974e92d025a75d1f,5737034557ef5b8c02c0e46513b98f90,2023-12-13,7bfa32686d200c64cb46de03ac2eac0d
a52b2f29ed5a8ce856d405dea95237fb,959a557f5f6beb411fd954f3f34b21c3,9b72e31dac81715466cd580a448cf823,2023-12-13,ba530cdf0a884348613f2aaa3a5ba5e8
8669e0720cd3134f8828b0d85fa022c9,82c2559140b95ccda9c6ca4a8b981f1e,16c222aa19898e5058938167c8ab6c57,2023-12-13,b5d17ed2b502da15aa727af0d51508d6
3ac9f67895f5e3e1414b8e17f1358338,4b04a686b0ad13dce35fa99fa4161c65,7dcd340d84f762eba80aa538b0c527f7,2023-12-13,0cdf61037d7053ca59347ab230818335
66ef319bc5101a8b83f0d1181974b400,44f683a84163b3523afe57c2e008bc8c,81448138f5f163ccdba4acc69819f280,2023-12-13,a03fa30821986dff10fc66647c84c9c3
9e5a3d826e3635047e18317232c31fff,8b4066554730ddfaa0266346bdc1b202,97e8527feaf77a97fc38f34216141515,2023-12-13,b6b90237b3ebd1e462a5d11dbc5c4dae
b9673c2a2817c2919dd82c3677053b1d,2723d092b63885e0d7c260cc007e8b9d,647bba344396e7c8170902bcf2e15551,2023-12-13,73b817090081cef1bca77232f4532c5d
bb09a7a2bd1b9104df23c2b61ff90aab,31fefc0e570cb3860f2a6d4b38c6490d,ed265bc903a5a097f61d3ec064d96d2e,2023-12-13,f5e62af885293cf4d511ceef31e61c80
cebe37d0d01edbfc8a9d0aabf80a2ea5,ab88b15733f543179858600245108dd8,c75b6f114c23a4d7ea11331e7c00e73c,2023-12-13,8b2dfbe0c1d43f9537dae01e96458ff1
bf44edb9a862093435df0bc40ec6212d,ab817c9349cf9c4f6877e1894a1faa00,8d34201a5b85900908db6cae92723617,2023-12-13,aa0d2a804a3510442f2fd40f2100b054
36d0d4a4a1e4342dc9cc4e4ba82b5a23,dc87c13749315c7217cdc4ac692e704c,ccb1d45fb76f7c5a0bf619f979c6cf36,2023-12-13,8e443d6819ae22b2d64f75266f535b59
9f17db174ffd25e11a1117a0a96f68e7,ee8374ec4e4ad797d42350c904d73077,01f78be6f7cad02658508fe4616098a9,2023-12-13,97888b75aa1e8aaac3923028d4466fea
d4428cd8b586f85c723a2265b0901b80,94c7bb58efc3b337800875b5d382a072,7f24d240521d99071c93af3917215ef7,2023-12-13,a209ca7b50dcaab2db7c2d4d1223d4d5
44e3b639b0f637752819ad9912562d09,7d04bbbe5494ae9d2f5a76aa1c00fa2f,94c7bb58efc3b337800875b5d382a072,2023-12-13,0fd600c953cde8121262e322ef09f70e
286d003095e457080deb73fe2f7b0c9d,f3bd5ad57c8389a8a1a541a76be463bf,f387624df552cea2f369918c5e1e12bc,2023-12-14,95424358822e753eb993c97ee76a9076
6327cf515f29f545109c88f521f20088,52292e0c763fd027c6eba6b8f494d2eb,5e388103a391daabe3de1d76a6739ccd,2023-12-14,e13748298cfb23c19fdfd134a2221e7b
36cfda52400a147e6266900ad979bc93,3cef96dcc9b8035d23f69e30bb19218a,15de21c670ae7c3f6f3f1f37029303c9,2023-12-14,8fd7f981e10b41330b618129afcaab2d
3e0e72b8cc2593bc9d718ee53b7acad6,437d7d1d97917cd627a34a6a0fb41136,11b921ef080f7736089c757404650e40,2023-12-15,9752d873fa71c19dc602bf2a0696f9b5
79efaf8010d03f9b12d6ed962867505b,7504adad8bb96320eb3afdd4df6e1f60,6e2713a6efee97bacb63e52c54f0ada0,2023-12-15,83e8ef518174e1eb6be4a0778d050c9d
97add27b3cfef4bf0b99ee9cba0b113a,2e65f2f2fdaf6c699b223c61b1b5ab89,1bb91f73e9d31ea2830a5e73ce3ed328,2023-12-15,0127b06252935c330e9f23651b398ce4
da1ad42f1598a4477f814ee3f208c24d,2a084e55c87b1ebcdaad1f62fdbbac8e,3a0772443a0739141292a5429b952fe6,2023-12-15,a563b6d5abbf137175059d6bb14672cc
03ea667270ef30a0c65232686f31e84a,6c4b761a28b734fe93831e3fb400ce87,a9a6653e48976138166de32772b1bf40,2023-12-15,0defd533d51ed0a10c5c9dbf93ee78a5
610167ab7ea31fef46ae39d9e614c855,76dc611d6ebaafc66cc0879c71b5db5c,58ae749f25eded36f486bc85feb3f0ab,2023-12-15,f702defbc67edb455949f46babab0c18
8b6cf5b1a036292537aa2cf97bc84813,ccb1d45fb76f7c5a0bf619f979c6cf36,4e4b5fbbbb602b6d35bea8460aa8f8e5,2023-12-15,d88518acbcc3d08d1f18da62f9bb26ec
442ad0ce319e6a5943565e072e115a4c,bcc0d400288793e8bdcd7c19a8ac0c2b,8eefcfdf5990e441f0fb6f3fad709e21,2023-12-15,487129304eca93e3646dd0c7dd441bf5
26a8df1a21b71bdf2b97ef0f117905f2,a1519de5b5d44b31a01de013b9b51a80,1728efbda81692282ba642aafd57be3a,2023-12-15,d921c3c762b1522c475ac8fc0811bb0f
b552870f489bc292910ba076bc057efb,9683cc5f89562ea48e72bb321d9f03fb,cbcb58ac2e496207586df2854b17995f,2023-12-15,173f0f6bb0ee97cf5098f73ee94029d4
096ab9964d09a3da79af24f235423506,fb7b9ffa5462084c5f4e7e85a093e6d7,db85e2590b6109813dafa101ceb2faeb,2023-12-15,5fd513e89cc656d9c7ab2bca4168a4f2
7efca90c14440aa5bed1b0629ab8d13d,44c4c17332cace2124a1a836d9fc4b6f,99c5e07b4d5de9d18c350cdf64c5aa3d,2023-12-15,0a656cc19f3f5b41530182a9e03982a4
38e68a967ec9a962e52b7569f86fb5df,b706835de79a2b4e80506f582af3676a,dd458505749b2941217ddd59394240e8,2023-12-15,f1efa5d88238b08b7d0d285f2909295b
efaea202d99afc033e22c87fc72b1428,182be0c5cdcd5072bb1864cdee4d3d6e,8b16ebc056e613024c057be590b542eb,2023-12-16,2287c6b8641dd2d21ab050eb9ff795f3
46f89f6fa4c4c2a15ac45120212948de,22ac3c5a5bf0b520d281c122d1490650,a86c450b76fb8c371afead6410d55534,2023-12-16,414a7497190eaef6b5d75d5a6a11afcf
6d14766aaf80af22d8e7e5a924bc2071,2e65f2f2fdaf6c699b223c61b1b5ab89,c9892a989183de32e976c6f04e700201,2023-12-16,3df80af53dce8435cf9ad6c3e7a403fd
